record_type,model,task_id,indicator_id,run_index,candidate_evidence,quoted_text_span,confidence_level,error,n_runs,n_success,quote_stability,evidence_stability,confidence_stability,unique_quotes,unique_evidence,unique_confidence,mean_quote_stability,mean_evidence_stability,mean_confidence_stability,overall_stability,variability_label,status,mode
run,llama3.1:8b,gov_sample_d2_oversight,d2_oversight_design_01,0,Fabricated governance control cited.,This sentence does not appear in the municipal document.,medium,,,,,,,,,,,,,,,,
run,llama3.1:8b,gov_sample_d2_oversight,d2_oversight_design_01,1,Fabricated governance control cited.,This sentence does not appear in the municipal document.,medium,,,,,,,,,,,,,,,,
run,llama3.1:8b,gov_sample_d2_oversight,d2_oversight_design_01,2,Fabricated governance control cited.,This sentence does not appear in the municipal document.,medium,,,,,,,,,,,,,,,,
run,llama3.1:8b,gov_sample_d2_oversight,d2_oversight_design_01,3,Fabricated governance control cited.,This sentence does not appear in the municipal document.,medium,,,,,,,,,,,,,,,,
run,llama3.1:8b,gov_sample_d2_oversight,d2_oversight_design_01,4,Fabricated governance control cited.,This sentence does not appear in the municipal document.,medium,,,,,,,,,,,,,,,,
run,llama3.1:8b,gov_sample_d2_oversight,d2_oversight_design_01,5,Fabricated governance control cited.,This sentence does not appear in the municipal document.,medium,,,,,,,,,,,,,,,,
run,llama3.1:8b,gov_sample_d2_oversight,d2_oversight_design_01,6,Fabricated governance control cited. [stability variant 4],This sentence does not appear in the municipal document. (run 0),low,,,,,,,,,,,,,,,,
run,llama3.1:8b,gov_sample_d2_oversight,d2_oversight_design_01,7,Fabricated governance control cited.,This sentence does not appear in the municipal document.,medium,,,,,,,,,,,,,,,,
run,llama3.1:8b,gov_sample_d2_oversight,d2_oversight_design_01,8,Fabricated governance control cited.,This sentence does not appear in the municipal document.,medium,,,,,,,,,,,,,,,,
run,llama3.1:8b,gov_sample_d2_oversight,d2_oversight_design_01,9,Fabricated governance control cited.,This sentence does not appear in the municipal document.,medium,,,,,,,,,,,,,,,,
run,llama3.1:8b,gov_sample_d2_oversight,d2_oversight_design_01,10,Fabricated governance control cited. [stability variant 3],This sentence does not appear in the municipal document. (run 1),low,,,,,,,,,,,,,,,,
run,llama3.1:8b,gov_sample_d2_oversight,d2_oversight_design_01,11,Fabricated governance control cited. [stability variant 4],This sentence does not appear in the municipal document. (run 2),low,,,,,,,,,,,,,,,,
run,llama3.1:8b,gov_sample_d2_oversight,d2_oversight_design_01,12,Fabricated governance control cited.,This sentence does not appear in the municipal document.,medium,,,,,,,,,,,,,,,,
run,llama3.1:8b,gov_sample_d2_oversight,d2_oversight_design_01,13,Fabricated governance control cited.,This sentence does not appear in the municipal document.,medium,,,,,,,,,,,,,,,,
run,llama3.1:8b,gov_sample_d2_oversight,d2_oversight_design_01,14,Fabricated governance control cited.,This sentence does not appear in the municipal document.,medium,,,,,,,,,,,,,,,,
run,llama3.1:8b,gov_sample_d2_oversight,d2_oversight_design_01,15,Fabricated governance control cited.,This sentence does not appear in the municipal document.,medium,,,,,,,,,,,,,,,,
run,llama3.1:8b,gov_sample_d2_oversight,d2_oversight_design_01,16,Fabricated governance control cited. [stability variant 4],This sentence does not appear in the municipal document. (run 1),high,,,,,,,,,,,,,,,,
run,llama3.1:8b,gov_sample_d2_oversight,d2_oversight_design_01,17,Fabricated governance control cited. [stability variant 1],This sentence does not appear in the municipal document.,low,,,,,,,,,,,,,,,,
run,llama3.1:8b,gov_sample_d2_oversight,d2_oversight_design_01,18,Fabricated governance control cited.,This sentence does not appear in the municipal document.,medium,,,,,,,,,,,,,,,,
run,llama3.1:8b,gov_sample_d2_oversight,d2_oversight_design_01,19,Fabricated governance control cited.,This sentence does not appear in the municipal document.,medium,,,,,,,,,,,,,,,,
run,llama3.1:8b,gov_sample_d4_sovereignty,d4_data_sovereignty_01,0,Fabricated governance control cited.,This sentence does not appear in the municipal document.,medium,,,,,,,,,,,,,,,,
run,llama3.1:8b,gov_sample_d4_sovereignty,d4_data_sovereignty_01,1,Fabricated governance control cited. [stability variant 1],This sentence does not appear in the municipal document.,low,,,,,,,,,,,,,,,,
run,llama3.1:8b,gov_sample_d4_sovereignty,d4_data_sovereignty_01,2,Fabricated governance control cited. [stability variant 3],This sentence does not appear in the municipal document. (run 2),low,,,,,,,,,,,,,,,,
run,llama3.1:8b,gov_sample_d4_sovereignty,d4_data_sovereignty_01,3,Fabricated governance control cited.,This sentence does not appear in the municipal document.,low,,,,,,,,,,,,,,,,
run,llama3.1:8b,gov_sample_d4_sovereignty,d4_data_sovereignty_01,4,Fabricated governance control cited.,This sentence does not appear in the municipal document.,medium,,,,,,,,,,,,,,,,
run,llama3.1:8b,gov_sample_d4_sovereignty,d4_data_sovereignty_01,5,Fabricated governance control cited.,This sentence does not appear in the municipal document.,medium,,,,,,,,,,,,,,,,
run,llama3.1:8b,gov_sample_d4_sovereignty,d4_data_sovereignty_01,6,Fabricated governance control cited. [stability variant 2],This sentence does not appear in the municipal document. (run 0),low,,,,,,,,,,,,,,,,
run,llama3.1:8b,gov_sample_d4_sovereignty,d4_data_sovereignty_01,7,Fabricated governance control cited. [stability variant 4],This sentence does not appear in the municipal document. (run 1),medium,,,,,,,,,,,,,,,,
run,llama3.1:8b,gov_sample_d4_sovereignty,d4_data_sovereignty_01,8,Fabricated governance control cited.,This sentence does not appear in the municipal document.,medium,,,,,,,,,,,,,,,,
run,llama3.1:8b,gov_sample_d4_sovereignty,d4_data_sovereignty_01,9,Fabricated governance control cited.,This sentence does not appear in the municipal document.,medium,,,,,,,,,,,,,,,,
run,llama3.1:8b,gov_sample_d4_sovereignty,d4_data_sovereignty_01,10,Fabricated governance control cited. [stability variant 2],This sentence does not appear in the municipal document. (run 1),low,,,,,,,,,,,,,,,,
run,llama3.1:8b,gov_sample_d4_sovereignty,d4_data_sovereignty_01,11,Fabricated governance control cited.,This sentence does not appear in the municipal document.,medium,,,,,,,,,,,,,,,,
run,llama3.1:8b,gov_sample_d4_sovereignty,d4_data_sovereignty_01,12,Fabricated governance control cited. [stability variant 3],This sentence does not appear in the municipal document. (run 0),low,,,,,,,,,,,,,,,,
run,llama3.1:8b,gov_sample_d4_sovereignty,d4_data_sovereignty_01,13,Fabricated governance control cited.,This sentence does not appear in the municipal document.,medium,,,,,,,,,,,,,,,,
run,llama3.1:8b,gov_sample_d4_sovereignty,d4_data_sovereignty_01,14,Fabricated governance control cited.,This sentence does not appear in the municipal document.,medium,,,,,,,,,,,,,,,,
run,llama3.1:8b,gov_sample_d4_sovereignty,d4_data_sovereignty_01,15,Fabricated governance control cited.,This sentence does not appear in the municipal document.,medium,,,,,,,,,,,,,,,,
run,llama3.1:8b,gov_sample_d4_sovereignty,d4_data_sovereignty_01,16,Fabricated governance control cited.,This sentence does not appear in the municipal document.,medium,,,,,,,,,,,,,,,,
run,llama3.1:8b,gov_sample_d4_sovereignty,d4_data_sovereignty_01,17,Fabricated governance control cited.,This sentence does not appear in the municipal document.,medium,,,,,,,,,,,,,,,,
run,llama3.1:8b,gov_sample_d4_sovereignty,d4_data_sovereignty_01,18,Fabricated governance control cited. [stability variant 1],This sentence does not appear in the municipal document.,low,,,,,,,,,,,,,,,,
run,llama3.1:8b,gov_sample_d4_sovereignty,d4_data_sovereignty_01,19,Fabricated governance control cited. [stability variant 3],This sentence does not appear in the municipal document. (run 1),low,,,,,,,,,,,,,,,,
run,llama3.1:8b,gov_sample_d6_vendor,d6_vendor_independence_01,0,Document addresses d6_vendor_independence_01. [stability variant 4],"security updates.

Vendor contracts require 30-day notice before model weig (run 0)",medium,,,,,,,,,,,,,,,,
run,llama3.1:8b,gov_sample_d6_vendor,d6_vendor_independence_01,1,Document addresses d6_vendor_independence_01. [stability variant 3],"security updates.

Vendor contracts require 30-day notice before model weig (run 1)",low,,,,,,,,,,,,,,,,
run,llama3.1:8b,gov_sample_d6_vendor,d6_vendor_independence_01,2,Document addresses d6_vendor_independence_01.,"security updates.

Vendor contracts require 30-day notice before model weig",high,,,,,,,,,,,,,,,,
run,llama3.1:8b,gov_sample_d6_vendor,d6_vendor_independence_01,3,Document addresses d6_vendor_independence_01.,"security updates.

Vendor contracts require 30-day notice before model weig",high,,,,,,,,,,,,,,,,
run,llama3.1:8b,gov_sample_d6_vendor,d6_vendor_independence_01,4,Document addresses d6_vendor_independence_01.,"security updates.

Vendor contracts require 30-day notice before model weig",high,,,,,,,,,,,,,,,,
run,llama3.1:8b,gov_sample_d6_vendor,d6_vendor_independence_01,5,Document addresses d6_vendor_independence_01.,"security updates.

Vendor contracts require 30-day notice before model weig",high,,,,,,,,,,,,,,,,
run,llama3.1:8b,gov_sample_d6_vendor,d6_vendor_independence_01,6,Document addresses d6_vendor_independence_01. [stability variant 4],"security updates.

Vendor contracts require 30-day notice before model weig (run 0)",low,,,,,,,,,,,,,,,,
run,llama3.1:8b,gov_sample_d6_vendor,d6_vendor_independence_01,7,Document addresses d6_vendor_independence_01.,"security updates.

Vendor contracts require 30-day notice before model weig",high,,,,,,,,,,,,,,,,
run,llama3.1:8b,gov_sample_d6_vendor,d6_vendor_independence_01,8,Document addresses d6_vendor_independence_01.,"security updates.

Vendor contracts require 30-day notice before model weig",high,,,,,,,,,,,,,,,,
run,llama3.1:8b,gov_sample_d6_vendor,d6_vendor_independence_01,9,Document addresses d6_vendor_independence_01. [stability variant 1],"security updates.

Vendor contracts require 30-day notice before model weig",low,,,,,,,,,,,,,,,,
run,llama3.1:8b,gov_sample_d6_vendor,d6_vendor_independence_01,10,Document addresses d6_vendor_independence_01.,"security updates.

Vendor contracts require 30-day notice before model weig",high,,,,,,,,,,,,,,,,
run,llama3.1:8b,gov_sample_d6_vendor,d6_vendor_independence_01,11,Document addresses d6_vendor_independence_01.,"security updates.

Vendor contracts require 30-day notice before model weig",high,,,,,,,,,,,,,,,,
run,llama3.1:8b,gov_sample_d6_vendor,d6_vendor_independence_01,12,Document addresses d6_vendor_independence_01. [stability variant 4],"security updates.

Vendor contracts require 30-day notice before model weig (run 0)",low,,,,,,,,,,,,,,,,
run,llama3.1:8b,gov_sample_d6_vendor,d6_vendor_independence_01,13,Document addresses d6_vendor_independence_01.,"security updates.

Vendor contracts require 30-day notice before model weig",high,,,,,,,,,,,,,,,,
run,llama3.1:8b,gov_sample_d6_vendor,d6_vendor_independence_01,14,Document addresses d6_vendor_independence_01.,"security updates.

Vendor contracts require 30-day notice before model weig",high,,,,,,,,,,,,,,,,
run,llama3.1:8b,gov_sample_d6_vendor,d6_vendor_independence_01,15,Document addresses d6_vendor_independence_01.,"security updates.

Vendor contracts require 30-day notice before model weig",high,,,,,,,,,,,,,,,,
run,llama3.1:8b,gov_sample_d6_vendor,d6_vendor_independence_01,16,Document addresses d6_vendor_independence_01. [stability variant 1],"security updates.

Vendor contracts require 30-day notice before model weig",medium,,,,,,,,,,,,,,,,
run,llama3.1:8b,gov_sample_d6_vendor,d6_vendor_independence_01,17,Document addresses d6_vendor_independence_01.,"security updates.

Vendor contracts require 30-day notice before model weig",high,,,,,,,,,,,,,,,,
run,llama3.1:8b,gov_sample_d6_vendor,d6_vendor_independence_01,18,Document addresses d6_vendor_independence_01.,"security updates.

Vendor contracts require 30-day notice before model weig",high,,,,,,,,,,,,,,,,
run,llama3.1:8b,gov_sample_d6_vendor,d6_vendor_independence_01,19,Document addresses d6_vendor_independence_01.,"security updates.

Vendor contracts require 30-day notice before model weig",low,,,,,,,,,,,,,,,,
run,llama3.1:8b,gov_sample_d5_incidents,d5_monitoring_incidents_01,0,Document addresses d5_monitoring_incidents_01. [stability variant 4],"me.

## 5. Risk and incidents

AI-related risks are entered in the co (run 0)",low,,,,,,,,,,,,,,,,
run,llama3.1:8b,gov_sample_d5_incidents,d5_monitoring_incidents_01,1,Document addresses d5_monitoring_incidents_01.,"me.

## 5. Risk and incidents

AI-related risks are entered in the co",high,,,,,,,,,,,,,,,,
run,llama3.1:8b,gov_sample_d5_incidents,d5_monitoring_incidents_01,2,Document addresses d5_monitoring_incidents_01. [stability variant 2],"me.

## 5. Risk and incidents

AI-related risks are entered in the co (run 2)",medium,,,,,,,,,,,,,,,,
run,llama3.1:8b,gov_sample_d5_incidents,d5_monitoring_incidents_01,3,Document addresses d5_monitoring_incidents_01. [stability variant 4],"me.

## 5. Risk and incidents

AI-related risks are entered in the co (run 0)",low,,,,,,,,,,,,,,,,
run,llama3.1:8b,gov_sample_d5_incidents,d5_monitoring_incidents_01,4,Document addresses d5_monitoring_incidents_01.,"me.

## 5. Risk and incidents

AI-related risks are entered in the co",high,,,,,,,,,,,,,,,,
run,llama3.1:8b,gov_sample_d5_incidents,d5_monitoring_incidents_01,5,Document addresses d5_monitoring_incidents_01.,"me.

## 5. Risk and incidents

AI-related risks are entered in the co",high,,,,,,,,,,,,,,,,
run,llama3.1:8b,gov_sample_d5_incidents,d5_monitoring_incidents_01,6,Document addresses d5_monitoring_incidents_01.,"me.

## 5. Risk and incidents

AI-related risks are entered in the co",high,,,,,,,,,,,,,,,,
run,llama3.1:8b,gov_sample_d5_incidents,d5_monitoring_incidents_01,7,Document addresses d5_monitoring_incidents_01. [stability variant 4],"me.

## 5. Risk and incidents

AI-related risks are entered in the co (run 1)",medium,,,,,,,,,,,,,,,,
run,llama3.1:8b,gov_sample_d5_incidents,d5_monitoring_incidents_01,8,Document addresses d5_monitoring_incidents_01.,"me.

## 5. Risk and incidents

AI-related risks are entered in the co",high,,,,,,,,,,,,,,,,
run,llama3.1:8b,gov_sample_d5_incidents,d5_monitoring_incidents_01,9,Document addresses d5_monitoring_incidents_01.,"me.

## 5. Risk and incidents

AI-related risks are entered in the co",high,,,,,,,,,,,,,,,,
run,llama3.1:8b,gov_sample_d5_incidents,d5_monitoring_incidents_01,10,Document addresses d5_monitoring_incidents_01.,"me.

## 5. Risk and incidents

AI-related risks are entered in the co",high,,,,,,,,,,,,,,,,
run,llama3.1:8b,gov_sample_d5_incidents,d5_monitoring_incidents_01,11,Document addresses d5_monitoring_incidents_01.,"me.

## 5. Risk and incidents

AI-related risks are entered in the co",high,,,,,,,,,,,,,,,,
run,llama3.1:8b,gov_sample_d5_incidents,d5_monitoring_incidents_01,12,Document addresses d5_monitoring_incidents_01.,"me.

## 5. Risk and incidents

AI-related risks are entered in the co",high,,,,,,,,,,,,,,,,
run,llama3.1:8b,gov_sample_d5_incidents,d5_monitoring_incidents_01,13,Document addresses d5_monitoring_incidents_01.,"me.

## 5. Risk and incidents

AI-related risks are entered in the co",high,,,,,,,,,,,,,,,,
run,llama3.1:8b,gov_sample_d5_incidents,d5_monitoring_incidents_01,14,Document addresses d5_monitoring_incidents_01. [stability variant 4],"me.

## 5. Risk and incidents

AI-related risks are entered in the co (run 2)",high,,,,,,,,,,,,,,,,
run,llama3.1:8b,gov_sample_d5_incidents,d5_monitoring_incidents_01,15,Document addresses d5_monitoring_incidents_01. [stability variant 4],"me.

## 5. Risk and incidents

AI-related risks are entered in the co (run 0)",medium,,,,,,,,,,,,,,,,
run,llama3.1:8b,gov_sample_d5_incidents,d5_monitoring_incidents_01,16,Document addresses d5_monitoring_incidents_01.,"me.

## 5. Risk and incidents

AI-related risks are entered in the co",high,,,,,,,,,,,,,,,,
run,llama3.1:8b,gov_sample_d5_incidents,d5_monitoring_incidents_01,17,Document addresses d5_monitoring_incidents_01. [stability variant 3],"me.

## 5. Risk and incidents

AI-related risks are entered in the co (run 2)",medium,,,,,,,,,,,,,,,,
run,llama3.1:8b,gov_sample_d5_incidents,d5_monitoring_incidents_01,18,Document addresses d5_monitoring_incidents_01.,"me.

## 5. Risk and incidents

AI-related risks are entered in the co",high,,,,,,,,,,,,,,,,
run,llama3.1:8b,gov_sample_d5_incidents,d5_monitoring_incidents_01,19,Document addresses d5_monitoring_incidents_01.,"me.

## 5. Risk and incidents

AI-related risks are entered in the co",high,,,,,,,,,,,,,,,,
run,llama3.1:8b,procurement_d2_miss,d2_oversight_design_01,0,No explicit evidence identified.,,low,,,,,,,,,,,,,,,,
run,llama3.1:8b,procurement_d2_miss,d2_oversight_design_01,1,No explicit evidence identified. [stability variant 1],synthetic variant 1,high,,,,,,,,,,,,,,,,
run,llama3.1:8b,procurement_d2_miss,d2_oversight_design_01,2,No explicit evidence identified.,,low,,,,,,,,,,,,,,,,
run,llama3.1:8b,procurement_d2_miss,d2_oversight_design_01,3,No explicit evidence identified.,,low,,,,,,,,,,,,,,,,
run,llama3.1:8b,procurement_d2_miss,d2_oversight_design_01,4,No explicit evidence identified.,,low,,,,,,,,,,,,,,,,
run,llama3.1:8b,procurement_d2_miss,d2_oversight_design_01,5,No explicit evidence identified.,,low,,,,,,,,,,,,,,,,
run,llama3.1:8b,procurement_d2_miss,d2_oversight_design_01,6,No explicit evidence identified.,,medium,,,,,,,,,,,,,,,,
run,llama3.1:8b,procurement_d2_miss,d2_oversight_design_01,7,No explicit evidence identified. [stability variant 2],synthetic variant 2,low,,,,,,,,,,,,,,,,
run,llama3.1:8b,procurement_d2_miss,d2_oversight_design_01,8,No explicit evidence identified.,,low,,,,,,,,,,,,,,,,
run,llama3.1:8b,procurement_d2_miss,d2_oversight_design_01,9,No explicit evidence identified. [stability variant 3],synthetic variant 3,medium,,,,,,,,,,,,,,,,
run,llama3.1:8b,procurement_d2_miss,d2_oversight_design_01,10,No explicit evidence identified.,,medium,,,,,,,,,,,,,,,,
run,llama3.1:8b,procurement_d2_miss,d2_oversight_design_01,11,No explicit evidence identified.,,low,,,,,,,,,,,,,,,,
run,llama3.1:8b,procurement_d2_miss,d2_oversight_design_01,12,No explicit evidence identified. [stability variant 1],synthetic variant 1,low,,,,,,,,,,,,,,,,
run,llama3.1:8b,procurement_d2_miss,d2_oversight_design_01,13,No explicit evidence identified.,,low,,,,,,,,,,,,,,,,
run,llama3.1:8b,procurement_d2_miss,d2_oversight_design_01,14,No explicit evidence identified.,,low,,,,,,,,,,,,,,,,
run,llama3.1:8b,procurement_d2_miss,d2_oversight_design_01,15,No explicit evidence identified.,,low,,,,,,,,,,,,,,,,
run,llama3.1:8b,procurement_d2_miss,d2_oversight_design_01,16,No explicit evidence identified.,,low,,,,,,,,,,,,,,,,
run,llama3.1:8b,procurement_d2_miss,d2_oversight_design_01,17,No explicit evidence identified. [stability variant 1],synthetic variant 1,high,,,,,,,,,,,,,,,,
run,llama3.1:8b,procurement_d2_miss,d2_oversight_design_01,18,No explicit evidence identified.,,low,,,,,,,,,,,,,,,,
run,llama3.1:8b,procurement_d2_miss,d2_oversight_design_01,19,No explicit evidence identified.,,high,,,,,,,,,,,,,,,,
run,llama3.1:8b,procurement_d6_vendor,d6_vendor_independence_01,0,Document addresses d6_vendor_independence_01.,"l security team

## Vendor independence

Secondary supplier evaluation schedule",high,,,,,,,,,,,,,,,,
run,llama3.1:8b,procurement_d6_vendor,d6_vendor_independence_01,1,Document addresses d6_vendor_independence_01.,"l security team

## Vendor independence

Secondary supplier evaluation schedule",high,,,,,,,,,,,,,,,,
run,llama3.1:8b,procurement_d6_vendor,d6_vendor_independence_01,2,Document addresses d6_vendor_independence_01.,"l security team

## Vendor independence

Secondary supplier evaluation schedule",high,,,,,,,,,,,,,,,,
run,llama3.1:8b,procurement_d6_vendor,d6_vendor_independence_01,3,Document addresses d6_vendor_independence_01.,"l security team

## Vendor independence

Secondary supplier evaluation schedule",high,,,,,,,,,,,,,,,,
run,llama3.1:8b,procurement_d6_vendor,d6_vendor_independence_01,4,Document addresses d6_vendor_independence_01.,"l security team

## Vendor independence

Secondary supplier evaluation schedule",high,,,,,,,,,,,,,,,,
run,llama3.1:8b,procurement_d6_vendor,d6_vendor_independence_01,5,Document addresses d6_vendor_independence_01.,"l security team

## Vendor independence

Secondary supplier evaluation schedule",high,,,,,,,,,,,,,,,,
run,llama3.1:8b,procurement_d6_vendor,d6_vendor_independence_01,6,Document addresses d6_vendor_independence_01.,"l security team

## Vendor independence

Secondary supplier evaluation schedule",high,,,,,,,,,,,,,,,,
run,llama3.1:8b,procurement_d6_vendor,d6_vendor_independence_01,7,Document addresses d6_vendor_independence_01.,"l security team

## Vendor independence

Secondary supplier evaluation schedule",high,,,,,,,,,,,,,,,,
run,llama3.1:8b,procurement_d6_vendor,d6_vendor_independence_01,8,Document addresses d6_vendor_independence_01.,"l security team

## Vendor independence

Secondary supplier evaluation schedule",high,,,,,,,,,,,,,,,,
run,llama3.1:8b,procurement_d6_vendor,d6_vendor_independence_01,9,Document addresses d6_vendor_independence_01.,"l security team

## Vendor independence

Secondary supplier evaluation schedule",high,,,,,,,,,,,,,,,,
run,llama3.1:8b,procurement_d6_vendor,d6_vendor_independence_01,10,Document addresses d6_vendor_independence_01. [stability variant 1],"l security team

## Vendor independence

Secondary supplier evaluation schedule",low,,,,,,,,,,,,,,,,
run,llama3.1:8b,procurement_d6_vendor,d6_vendor_independence_01,11,Document addresses d6_vendor_independence_01.,"l security team

## Vendor independence

Secondary supplier evaluation schedule",high,,,,,,,,,,,,,,,,
run,llama3.1:8b,procurement_d6_vendor,d6_vendor_independence_01,12,Document addresses d6_vendor_independence_01.,"l security team

## Vendor independence

Secondary supplier evaluation schedule",high,,,,,,,,,,,,,,,,
run,llama3.1:8b,procurement_d6_vendor,d6_vendor_independence_01,13,Document addresses d6_vendor_independence_01. [stability variant 2],"l security team

## Vendor independence

Secondary supplier evaluation schedule (run 1)",high,,,,,,,,,,,,,,,,
run,llama3.1:8b,procurement_d6_vendor,d6_vendor_independence_01,14,Document addresses d6_vendor_independence_01. [stability variant 2],"l security team

## Vendor independence

Secondary supplier evaluation schedule (run 2)",medium,,,,,,,,,,,,,,,,
run,llama3.1:8b,procurement_d6_vendor,d6_vendor_independence_01,15,Document addresses d6_vendor_independence_01.,"l security team

## Vendor independence

Secondary supplier evaluation schedule",high,,,,,,,,,,,,,,,,
run,llama3.1:8b,procurement_d6_vendor,d6_vendor_independence_01,16,Document addresses d6_vendor_independence_01. [stability variant 4],"l security team

## Vendor independence

Secondary supplier evaluation schedule (run 1)",low,,,,,,,,,,,,,,,,
run,llama3.1:8b,procurement_d6_vendor,d6_vendor_independence_01,17,Document addresses d6_vendor_independence_01.,"l security team

## Vendor independence

Secondary supplier evaluation schedule",high,,,,,,,,,,,,,,,,
run,llama3.1:8b,procurement_d6_vendor,d6_vendor_independence_01,18,Document addresses d6_vendor_independence_01. [stability variant 2],"l security team

## Vendor independence

Secondary supplier evaluation schedule (run 0)",low,,,,,,,,,,,,,,,,
run,llama3.1:8b,procurement_d6_vendor,d6_vendor_independence_01,19,Document addresses d6_vendor_independence_01. [stability variant 1],"l security team

## Vendor independence

Secondary supplier evaluation schedule",medium,,,,,,,,,,,,,,,,
run,llama3.1:8b,tech_d6_infra,d6_infrastructure_01,0,Document addresses d6_infrastructure_01.,"luster in municipal data centre (EU hosting)
- No public cloud inferenc",high,,,,,,,,,,,,,,,,
run,llama3.1:8b,tech_d6_infra,d6_infrastructure_01,1,Document addresses d6_infrastructure_01.,"luster in municipal data centre (EU hosting)
- No public cloud inferenc",high,,,,,,,,,,,,,,,,
run,llama3.1:8b,tech_d6_infra,d6_infrastructure_01,2,Document addresses d6_infrastructure_01.,"luster in municipal data centre (EU hosting)
- No public cloud inferenc",high,,,,,,,,,,,,,,,,
run,llama3.1:8b,tech_d6_infra,d6_infrastructure_01,3,Document addresses d6_infrastructure_01.,"luster in municipal data centre (EU hosting)
- No public cloud inferenc",high,,,,,,,,,,,,,,,,
run,llama3.1:8b,tech_d6_infra,d6_infrastructure_01,4,Document addresses d6_infrastructure_01. [stability variant 1],"luster in municipal data centre (EU hosting)
- No public cloud inferenc",low,,,,,,,,,,,,,,,,
run,llama3.1:8b,tech_d6_infra,d6_infrastructure_01,5,Document addresses d6_infrastructure_01.,"luster in municipal data centre (EU hosting)
- No public cloud inferenc",high,,,,,,,,,,,,,,,,
run,llama3.1:8b,tech_d6_infra,d6_infrastructure_01,6,Document addresses d6_infrastructure_01.,"luster in municipal data centre (EU hosting)
- No public cloud inferenc",high,,,,,,,,,,,,,,,,
run,llama3.1:8b,tech_d6_infra,d6_infrastructure_01,7,Document addresses d6_infrastructure_01. [stability variant 1],"luster in municipal data centre (EU hosting)
- No public cloud inferenc",low,,,,,,,,,,,,,,,,
run,llama3.1:8b,tech_d6_infra,d6_infrastructure_01,8,Document addresses d6_infrastructure_01. [stability variant 3],"luster in municipal data centre (EU hosting)
- No public cloud inferenc (run 2)",high,,,,,,,,,,,,,,,,
run,llama3.1:8b,tech_d6_infra,d6_infrastructure_01,9,Document addresses d6_infrastructure_01.,"luster in municipal data centre (EU hosting)
- No public cloud inferenc",high,,,,,,,,,,,,,,,,
run,llama3.1:8b,tech_d6_infra,d6_infrastructure_01,10,Document addresses d6_infrastructure_01.,"luster in municipal data centre (EU hosting)
- No public cloud inferenc",high,,,,,,,,,,,,,,,,
run,llama3.1:8b,tech_d6_infra,d6_infrastructure_01,11,Document addresses d6_infrastructure_01.,"luster in municipal data centre (EU hosting)
- No public cloud inferenc",high,,,,,,,,,,,,,,,,
run,llama3.1:8b,tech_d6_infra,d6_infrastructure_01,12,Document addresses d6_infrastructure_01.,"luster in municipal data centre (EU hosting)
- No public cloud inferenc",high,,,,,,,,,,,,,,,,
run,llama3.1:8b,tech_d6_infra,d6_infrastructure_01,13,Document addresses d6_infrastructure_01.,"luster in municipal data centre (EU hosting)
- No public cloud inferenc",high,,,,,,,,,,,,,,,,
run,llama3.1:8b,tech_d6_infra,d6_infrastructure_01,14,Document addresses d6_infrastructure_01.,"luster in municipal data centre (EU hosting)
- No public cloud inferenc",high,,,,,,,,,,,,,,,,
run,llama3.1:8b,tech_d6_infra,d6_infrastructure_01,15,Document addresses d6_infrastructure_01.,"luster in municipal data centre (EU hosting)
- No public cloud inferenc",high,,,,,,,,,,,,,,,,
run,llama3.1:8b,tech_d6_infra,d6_infrastructure_01,16,Document addresses d6_infrastructure_01.,"luster in municipal data centre (EU hosting)
- No public cloud inferenc",high,,,,,,,,,,,,,,,,
run,llama3.1:8b,tech_d6_infra,d6_infrastructure_01,17,Document addresses d6_infrastructure_01.,"luster in municipal data centre (EU hosting)
- No public cloud inferenc",high,,,,,,,,,,,,,,,,
run,llama3.1:8b,tech_d6_infra,d6_infrastructure_01,18,Document addresses d6_infrastructure_01. [stability variant 4],"luster in municipal data centre (EU hosting)
- No public cloud inferenc (run 0)",medium,,,,,,,,,,,,,,,,
run,llama3.1:8b,tech_d6_infra,d6_infrastructure_01,19,Document addresses d6_infrastructure_01. [stability variant 2],"luster in municipal data centre (EU hosting)
- No public cloud inferenc (run 1)",high,,,,,,,,,,,,,,,,
run,llama3.1:8b,tech_d2_miss,d2_intervention_01,0,No explicit evidence identified.,,low,,,,,,,,,,,,,,,,
run,llama3.1:8b,tech_d2_miss,d2_intervention_01,1,No explicit evidence identified.,,high,,,,,,,,,,,,,,,,
run,llama3.1:8b,tech_d2_miss,d2_intervention_01,2,No explicit evidence identified. [stability variant 3],synthetic variant 3,medium,,,,,,,,,,,,,,,,
run,llama3.1:8b,tech_d2_miss,d2_intervention_01,3,No explicit evidence identified.,,low,,,,,,,,,,,,,,,,
run,llama3.1:8b,tech_d2_miss,d2_intervention_01,4,No explicit evidence identified.,,low,,,,,,,,,,,,,,,,
run,llama3.1:8b,tech_d2_miss,d2_intervention_01,5,No explicit evidence identified.,,low,,,,,,,,,,,,,,,,
run,llama3.1:8b,tech_d2_miss,d2_intervention_01,6,No explicit evidence identified. [stability variant 4],synthetic variant 4,high,,,,,,,,,,,,,,,,
run,llama3.1:8b,tech_d2_miss,d2_intervention_01,7,No explicit evidence identified.,,low,,,,,,,,,,,,,,,,
run,llama3.1:8b,tech_d2_miss,d2_intervention_01,8,No explicit evidence identified.,,medium,,,,,,,,,,,,,,,,
run,llama3.1:8b,tech_d2_miss,d2_intervention_01,9,No explicit evidence identified.,,low,,,,,,,,,,,,,,,,
run,llama3.1:8b,tech_d2_miss,d2_intervention_01,10,No explicit evidence identified.,,low,,,,,,,,,,,,,,,,
run,llama3.1:8b,tech_d2_miss,d2_intervention_01,11,No explicit evidence identified.,,low,,,,,,,,,,,,,,,,
run,llama3.1:8b,tech_d2_miss,d2_intervention_01,12,No explicit evidence identified.,,low,,,,,,,,,,,,,,,,
run,llama3.1:8b,tech_d2_miss,d2_intervention_01,13,No explicit evidence identified. [stability variant 2],synthetic variant 2,high,,,,,,,,,,,,,,,,
run,llama3.1:8b,tech_d2_miss,d2_intervention_01,14,No explicit evidence identified.,,low,,,,,,,,,,,,,,,,
run,llama3.1:8b,tech_d2_miss,d2_intervention_01,15,No explicit evidence identified.,,low,,,,,,,,,,,,,,,,
run,llama3.1:8b,tech_d2_miss,d2_intervention_01,16,No explicit evidence identified.,,low,,,,,,,,,,,,,,,,
run,llama3.1:8b,tech_d2_miss,d2_intervention_01,17,No explicit evidence identified.,,low,,,,,,,,,,,,,,,,
run,llama3.1:8b,tech_d2_miss,d2_intervention_01,18,No explicit evidence identified.,,low,,,,,,,,,,,,,,,,
run,llama3.1:8b,tech_d2_miss,d2_intervention_01,19,No explicit evidence identified. [stability variant 2],synthetic variant 2,high,,,,,,,,,,,,,,,,
run,llama3.1:8b,incident_d5_monitor,d5_monitoring_incidents_01,0,Document addresses d5_monitoring_incidents_01.,"ffected sessions
3. Post-incident review template IR-AI-2025

## Escalati",high,,,,,,,,,,,,,,,,
run,llama3.1:8b,incident_d5_monitor,d5_monitoring_incidents_01,1,Document addresses d5_monitoring_incidents_01.,"ffected sessions
3. Post-incident review template IR-AI-2025

## Escalati",high,,,,,,,,,,,,,,,,
run,llama3.1:8b,incident_d5_monitor,d5_monitoring_incidents_01,2,Document addresses d5_monitoring_incidents_01.,"ffected sessions
3. Post-incident review template IR-AI-2025

## Escalati",high,,,,,,,,,,,,,,,,
run,llama3.1:8b,incident_d5_monitor,d5_monitoring_incidents_01,3,Document addresses d5_monitoring_incidents_01.,"ffected sessions
3. Post-incident review template IR-AI-2025

## Escalati",high,,,,,,,,,,,,,,,,
run,llama3.1:8b,incident_d5_monitor,d5_monitoring_incidents_01,4,Document addresses d5_monitoring_incidents_01.,"ffected sessions
3. Post-incident review template IR-AI-2025

## Escalati",high,,,,,,,,,,,,,,,,
run,llama3.1:8b,incident_d5_monitor,d5_monitoring_incidents_01,5,Document addresses d5_monitoring_incidents_01.,"ffected sessions
3. Post-incident review template IR-AI-2025

## Escalati",high,,,,,,,,,,,,,,,,
run,llama3.1:8b,incident_d5_monitor,d5_monitoring_incidents_01,6,Document addresses d5_monitoring_incidents_01.,"ffected sessions
3. Post-incident review template IR-AI-2025

## Escalati",high,,,,,,,,,,,,,,,,
run,llama3.1:8b,incident_d5_monitor,d5_monitoring_incidents_01,7,Document addresses d5_monitoring_incidents_01.,"ffected sessions
3. Post-incident review template IR-AI-2025

## Escalati",high,,,,,,,,,,,,,,,,
run,llama3.1:8b,incident_d5_monitor,d5_monitoring_incidents_01,8,Document addresses d5_monitoring_incidents_01. [stability variant 3],"ffected sessions
3. Post-incident review template IR-AI-2025

## Escalati (run 2)",medium,,,,,,,,,,,,,,,,
run,llama3.1:8b,incident_d5_monitor,d5_monitoring_incidents_01,9,Document addresses d5_monitoring_incidents_01.,"ffected sessions
3. Post-incident review template IR-AI-2025

## Escalati",high,,,,,,,,,,,,,,,,
run,llama3.1:8b,incident_d5_monitor,d5_monitoring_incidents_01,10,Document addresses d5_monitoring_incidents_01.,"ffected sessions
3. Post-incident review template IR-AI-2025

## Escalati",high,,,,,,,,,,,,,,,,
run,llama3.1:8b,incident_d5_monitor,d5_monitoring_incidents_01,11,Document addresses d5_monitoring_incidents_01.,"ffected sessions
3. Post-incident review template IR-AI-2025

## Escalati",high,,,,,,,,,,,,,,,,
run,llama3.1:8b,incident_d5_monitor,d5_monitoring_incidents_01,12,Document addresses d5_monitoring_incidents_01.,"ffected sessions
3. Post-incident review template IR-AI-2025

## Escalati",high,,,,,,,,,,,,,,,,
run,llama3.1:8b,incident_d5_monitor,d5_monitoring_incidents_01,13,Document addresses d5_monitoring_incidents_01.,"ffected sessions
3. Post-incident review template IR-AI-2025

## Escalati",high,,,,,,,,,,,,,,,,
run,llama3.1:8b,incident_d5_monitor,d5_monitoring_incidents_01,14,Document addresses d5_monitoring_incidents_01. [stability variant 4],"ffected sessions
3. Post-incident review template IR-AI-2025

## Escalati (run 2)",low,,,,,,,,,,,,,,,,
run,llama3.1:8b,incident_d5_monitor,d5_monitoring_incidents_01,15,Document addresses d5_monitoring_incidents_01.,"ffected sessions
3. Post-incident review template IR-AI-2025

## Escalati",high,,,,,,,,,,,,,,,,
run,llama3.1:8b,incident_d5_monitor,d5_monitoring_incidents_01,16,Document addresses d5_monitoring_incidents_01.,"ffected sessions
3. Post-incident review template IR-AI-2025

## Escalati",high,,,,,,,,,,,,,,,,
run,llama3.1:8b,incident_d5_monitor,d5_monitoring_incidents_01,17,Document addresses d5_monitoring_incidents_01.,"ffected sessions
3. Post-incident review template IR-AI-2025

## Escalati",high,,,,,,,,,,,,,,,,
run,llama3.1:8b,incident_d5_monitor,d5_monitoring_incidents_01,18,Document addresses d5_monitoring_incidents_01. [stability variant 2],"ffected sessions
3. Post-incident review template IR-AI-2025

## Escalati (run 0)",high,,,,,,,,,,,,,,,,
run,llama3.1:8b,incident_d5_monitor,d5_monitoring_incidents_01,19,Document addresses d5_monitoring_incidents_01. [stability variant 3],"ffected sessions
3. Post-incident review template IR-AI-2025

## Escalati (run 1)",low,,,,,,,,,,,,,,,,
run,llama3.1:8b,incident_d4_miss,d4_minimization_01,0,No explicit evidence identified.,,low,,,,,,,,,,,,,,,,
run,llama3.1:8b,incident_d4_miss,d4_minimization_01,1,No explicit evidence identified.,,low,,,,,,,,,,,,,,,,
run,llama3.1:8b,incident_d4_miss,d4_minimization_01,2,No explicit evidence identified.,,low,,,,,,,,,,,,,,,,
run,llama3.1:8b,incident_d4_miss,d4_minimization_01,3,No explicit evidence identified.,,low,,,,,,,,,,,,,,,,
run,llama3.1:8b,incident_d4_miss,d4_minimization_01,4,No explicit evidence identified.,,low,,,,,,,,,,,,,,,,
run,llama3.1:8b,incident_d4_miss,d4_minimization_01,5,No explicit evidence identified.,,low,,,,,,,,,,,,,,,,
run,llama3.1:8b,incident_d4_miss,d4_minimization_01,6,No explicit evidence identified.,,low,,,,,,,,,,,,,,,,
run,llama3.1:8b,incident_d4_miss,d4_minimization_01,7,No explicit evidence identified.,,low,,,,,,,,,,,,,,,,
run,llama3.1:8b,incident_d4_miss,d4_minimization_01,8,No explicit evidence identified. [stability variant 2],synthetic variant 2,low,,,,,,,,,,,,,,,,
run,llama3.1:8b,incident_d4_miss,d4_minimization_01,9,No explicit evidence identified.,,low,,,,,,,,,,,,,,,,
run,llama3.1:8b,incident_d4_miss,d4_minimization_01,10,No explicit evidence identified.,,low,,,,,,,,,,,,,,,,
run,llama3.1:8b,incident_d4_miss,d4_minimization_01,11,No explicit evidence identified.,,low,,,,,,,,,,,,,,,,
run,llama3.1:8b,incident_d4_miss,d4_minimization_01,12,No explicit evidence identified.,,low,,,,,,,,,,,,,,,,
run,llama3.1:8b,incident_d4_miss,d4_minimization_01,13,No explicit evidence identified.,,low,,,,,,,,,,,,,,,,
run,llama3.1:8b,incident_d4_miss,d4_minimization_01,14,No explicit evidence identified. [stability variant 2],synthetic variant 2,high,,,,,,,,,,,,,,,,
run,llama3.1:8b,incident_d4_miss,d4_minimization_01,15,No explicit evidence identified.,,low,,,,,,,,,,,,,,,,
run,llama3.1:8b,incident_d4_miss,d4_minimization_01,16,No explicit evidence identified.,,low,,,,,,,,,,,,,,,,
run,llama3.1:8b,incident_d4_miss,d4_minimization_01,17,No explicit evidence identified.,,low,,,,,,,,,,,,,,,,
run,llama3.1:8b,incident_d4_miss,d4_minimization_01,18,No explicit evidence identified. [stability variant 3],synthetic variant 3,medium,,,,,,,,,,,,,,,,
run,llama3.1:8b,incident_d4_miss,d4_minimization_01,19,No explicit evidence identified. [stability variant 3],synthetic variant 3,medium,,,,,,,,,,,,,,,,
run,llama3.1:8b,data_gov_d4_lawful,d4_lawfulness_01,0,Fabricated governance control cited. [stability variant 2],This sentence does not appear in the municipal document. (run 0),low,,,,,,,,,,,,,,,,
run,llama3.1:8b,data_gov_d4_lawful,d4_lawfulness_01,1,Fabricated governance control cited.,This sentence does not appear in the municipal document.,medium,,,,,,,,,,,,,,,,
run,llama3.1:8b,data_gov_d4_lawful,d4_lawfulness_01,2,Fabricated governance control cited.,This sentence does not appear in the municipal document.,medium,,,,,,,,,,,,,,,,
run,llama3.1:8b,data_gov_d4_lawful,d4_lawfulness_01,3,Fabricated governance control cited.,This sentence does not appear in the municipal document.,medium,,,,,,,,,,,,,,,,
run,llama3.1:8b,data_gov_d4_lawful,d4_lawfulness_01,4,Fabricated governance control cited.,This sentence does not appear in the municipal document.,medium,,,,,,,,,,,,,,,,
run,llama3.1:8b,data_gov_d4_lawful,d4_lawfulness_01,5,Fabricated governance control cited.,This sentence does not appear in the municipal document.,medium,,,,,,,,,,,,,,,,
run,llama3.1:8b,data_gov_d4_lawful,d4_lawfulness_01,6,Fabricated governance control cited.,This sentence does not appear in the municipal document.,low,,,,,,,,,,,,,,,,
run,llama3.1:8b,data_gov_d4_lawful,d4_lawfulness_01,7,Fabricated governance control cited. [stability variant 1],This sentence does not appear in the municipal document.,medium,,,,,,,,,,,,,,,,
run,llama3.1:8b,data_gov_d4_lawful,d4_lawfulness_01,8,Fabricated governance control cited.,This sentence does not appear in the municipal document.,medium,,,,,,,,,,,,,,,,
run,llama3.1:8b,data_gov_d4_lawful,d4_lawfulness_01,9,Fabricated governance control cited.,This sentence does not appear in the municipal document.,medium,,,,,,,,,,,,,,,,
run,llama3.1:8b,data_gov_d4_lawful,d4_lawfulness_01,10,Fabricated governance control cited. [stability variant 1],This sentence does not appear in the municipal document.,low,,,,,,,,,,,,,,,,
run,llama3.1:8b,data_gov_d4_lawful,d4_lawfulness_01,11,Fabricated governance control cited.,This sentence does not appear in the municipal document.,medium,,,,,,,,,,,,,,,,
run,llama3.1:8b,data_gov_d4_lawful,d4_lawfulness_01,12,Fabricated governance control cited. [stability variant 1],This sentence does not appear in the municipal document.,low,,,,,,,,,,,,,,,,
run,llama3.1:8b,data_gov_d4_lawful,d4_lawfulness_01,13,Fabricated governance control cited. [stability variant 3],This sentence does not appear in the municipal document. (run 1),medium,,,,,,,,,,,,,,,,
run,llama3.1:8b,data_gov_d4_lawful,d4_lawfulness_01,14,Fabricated governance control cited.,This sentence does not appear in the municipal document.,medium,,,,,,,,,,,,,,,,
run,llama3.1:8b,data_gov_d4_lawful,d4_lawfulness_01,15,Fabricated governance control cited.,This sentence does not appear in the municipal document.,medium,,,,,,,,,,,,,,,,
run,llama3.1:8b,data_gov_d4_lawful,d4_lawfulness_01,16,Fabricated governance control cited.,This sentence does not appear in the municipal document.,medium,,,,,,,,,,,,,,,,
run,llama3.1:8b,data_gov_d4_lawful,d4_lawfulness_01,17,Fabricated governance control cited.,This sentence does not appear in the municipal document.,high,,,,,,,,,,,,,,,,
run,llama3.1:8b,data_gov_d4_lawful,d4_lawfulness_01,18,Fabricated governance control cited. [stability variant 1],This sentence does not appear in the municipal document.,medium,,,,,,,,,,,,,,,,
run,llama3.1:8b,data_gov_d4_lawful,d4_lawfulness_01,19,Fabricated governance control cited.,This sentence does not appear in the municipal document.,low,,,,,,,,,,,,,,,,
run,llama3.1:8b,data_gov_d3_miss,d3_external_transparency_01,0,No explicit evidence identified.,,low,,,,,,,,,,,,,,,,
run,llama3.1:8b,data_gov_d3_miss,d3_external_transparency_01,1,No explicit evidence identified.,,low,,,,,,,,,,,,,,,,
run,llama3.1:8b,data_gov_d3_miss,d3_external_transparency_01,2,No explicit evidence identified.,,low,,,,,,,,,,,,,,,,
run,llama3.1:8b,data_gov_d3_miss,d3_external_transparency_01,3,No explicit evidence identified.,,low,,,,,,,,,,,,,,,,
run,llama3.1:8b,data_gov_d3_miss,d3_external_transparency_01,4,No explicit evidence identified. [stability variant 1],synthetic variant 1,medium,,,,,,,,,,,,,,,,
run,llama3.1:8b,data_gov_d3_miss,d3_external_transparency_01,5,No explicit evidence identified.,,low,,,,,,,,,,,,,,,,
run,llama3.1:8b,data_gov_d3_miss,d3_external_transparency_01,6,No explicit evidence identified.,,low,,,,,,,,,,,,,,,,
run,llama3.1:8b,data_gov_d3_miss,d3_external_transparency_01,7,No explicit evidence identified. [stability variant 3],synthetic variant 3,low,,,,,,,,,,,,,,,,
run,llama3.1:8b,data_gov_d3_miss,d3_external_transparency_01,8,No explicit evidence identified. [stability variant 2],synthetic variant 2,high,,,,,,,,,,,,,,,,
run,llama3.1:8b,data_gov_d3_miss,d3_external_transparency_01,9,No explicit evidence identified.,,low,,,,,,,,,,,,,,,,
run,llama3.1:8b,data_gov_d3_miss,d3_external_transparency_01,10,No explicit evidence identified. [stability variant 3],synthetic variant 3,medium,,,,,,,,,,,,,,,,
run,llama3.1:8b,data_gov_d3_miss,d3_external_transparency_01,11,No explicit evidence identified.,,low,,,,,,,,,,,,,,,,
run,llama3.1:8b,data_gov_d3_miss,d3_external_transparency_01,12,No explicit evidence identified.,,low,,,,,,,,,,,,,,,,
run,llama3.1:8b,data_gov_d3_miss,d3_external_transparency_01,13,No explicit evidence identified. [stability variant 2],synthetic variant 2,low,,,,,,,,,,,,,,,,
run,llama3.1:8b,data_gov_d3_miss,d3_external_transparency_01,14,No explicit evidence identified.,,low,,,,,,,,,,,,,,,,
run,llama3.1:8b,data_gov_d3_miss,d3_external_transparency_01,15,No explicit evidence identified.,,low,,,,,,,,,,,,,,,,
run,llama3.1:8b,data_gov_d3_miss,d3_external_transparency_01,16,No explicit evidence identified.,,low,,,,,,,,,,,,,,,,
run,llama3.1:8b,data_gov_d3_miss,d3_external_transparency_01,17,No explicit evidence identified.,,low,,,,,,,,,,,,,,,,
run,llama3.1:8b,data_gov_d3_miss,d3_external_transparency_01,18,No explicit evidence identified. [stability variant 4],synthetic variant 4,low,,,,,,,,,,,,,,,,
run,llama3.1:8b,data_gov_d3_miss,d3_external_transparency_01,19,No explicit evidence identified.,,low,,,,,,,,,,,,,,,,
run,llama3.1:8b,demo_gov_d1_mandate,d1_mandate_01,0,Document addresses d1_mandate_01.,"viewed by a **named policy officer** before external use.

## Accountabili",high,,,,,,,,,,,,,,,,
run,llama3.1:8b,demo_gov_d1_mandate,d1_mandate_01,1,Document addresses d1_mandate_01. [stability variant 2],"viewed by a **named policy officer** before external use.

## Accountabili (run 1)",low,,,,,,,,,,,,,,,,
run,llama3.1:8b,demo_gov_d1_mandate,d1_mandate_01,2,Document addresses d1_mandate_01.,"viewed by a **named policy officer** before external use.

## Accountabili",high,,,,,,,,,,,,,,,,
run,llama3.1:8b,demo_gov_d1_mandate,d1_mandate_01,3,Document addresses d1_mandate_01.,"viewed by a **named policy officer** before external use.

## Accountabili",high,,,,,,,,,,,,,,,,
run,llama3.1:8b,demo_gov_d1_mandate,d1_mandate_01,4,Document addresses d1_mandate_01.,"viewed by a **named policy officer** before external use.

## Accountabili",high,,,,,,,,,,,,,,,,
run,llama3.1:8b,demo_gov_d1_mandate,d1_mandate_01,5,Document addresses d1_mandate_01. [stability variant 2],"viewed by a **named policy officer** before external use.

## Accountabili (run 2)",low,,,,,,,,,,,,,,,,
run,llama3.1:8b,demo_gov_d1_mandate,d1_mandate_01,6,Document addresses d1_mandate_01.,"viewed by a **named policy officer** before external use.

## Accountabili",high,,,,,,,,,,,,,,,,
run,llama3.1:8b,demo_gov_d1_mandate,d1_mandate_01,7,Document addresses d1_mandate_01.,"viewed by a **named policy officer** before external use.

## Accountabili",high,,,,,,,,,,,,,,,,
run,llama3.1:8b,demo_gov_d1_mandate,d1_mandate_01,8,Document addresses d1_mandate_01.,"viewed by a **named policy officer** before external use.

## Accountabili",high,,,,,,,,,,,,,,,,
run,llama3.1:8b,demo_gov_d1_mandate,d1_mandate_01,9,Document addresses d1_mandate_01.,"viewed by a **named policy officer** before external use.

## Accountabili",high,,,,,,,,,,,,,,,,
run,llama3.1:8b,demo_gov_d1_mandate,d1_mandate_01,10,Document addresses d1_mandate_01.,"viewed by a **named policy officer** before external use.

## Accountabili",high,,,,,,,,,,,,,,,,
run,llama3.1:8b,demo_gov_d1_mandate,d1_mandate_01,11,Document addresses d1_mandate_01.,"viewed by a **named policy officer** before external use.

## Accountabili",high,,,,,,,,,,,,,,,,
run,llama3.1:8b,demo_gov_d1_mandate,d1_mandate_01,12,Document addresses d1_mandate_01.,"viewed by a **named policy officer** before external use.

## Accountabili",high,,,,,,,,,,,,,,,,
run,llama3.1:8b,demo_gov_d1_mandate,d1_mandate_01,13,Document addresses d1_mandate_01.,"viewed by a **named policy officer** before external use.

## Accountabili",high,,,,,,,,,,,,,,,,
run,llama3.1:8b,demo_gov_d1_mandate,d1_mandate_01,14,Document addresses d1_mandate_01.,"viewed by a **named policy officer** before external use.

## Accountabili",high,,,,,,,,,,,,,,,,
run,llama3.1:8b,demo_gov_d1_mandate,d1_mandate_01,15,Document addresses d1_mandate_01.,"viewed by a **named policy officer** before external use.

## Accountabili",high,,,,,,,,,,,,,,,,
run,llama3.1:8b,demo_gov_d1_mandate,d1_mandate_01,16,Document addresses d1_mandate_01. [stability variant 3],"viewed by a **named policy officer** before external use.

## Accountabili (run 1)",low,,,,,,,,,,,,,,,,
run,llama3.1:8b,demo_gov_d1_mandate,d1_mandate_01,17,Document addresses d1_mandate_01. [stability variant 1],"viewed by a **named policy officer** before external use.

## Accountabili",low,,,,,,,,,,,,,,,,
run,llama3.1:8b,demo_gov_d1_mandate,d1_mandate_01,18,Document addresses d1_mandate_01.,"viewed by a **named policy officer** before external use.

## Accountabili",high,,,,,,,,,,,,,,,,
run,llama3.1:8b,demo_gov_d1_mandate,d1_mandate_01,19,Document addresses d1_mandate_01.,"viewed by a **named policy officer** before external use.

## Accountabili",high,,,,,,,,,,,,,,,,
run,llama3.1:8b,demo_gov_d2_trace,d2_traceability_01,0,Document addresses d2_traceability_01.,"s
- Supervisors may override model outputs; overrides logged in case",high,,,,,,,,,,,,,,,,
run,llama3.1:8b,demo_gov_d2_trace,d2_traceability_01,1,Document addresses d2_traceability_01.,"s
- Supervisors may override model outputs; overrides logged in case",high,,,,,,,,,,,,,,,,
run,llama3.1:8b,demo_gov_d2_trace,d2_traceability_01,2,Document addresses d2_traceability_01.,"s
- Supervisors may override model outputs; overrides logged in case",high,,,,,,,,,,,,,,,,
run,llama3.1:8b,demo_gov_d2_trace,d2_traceability_01,3,Document addresses d2_traceability_01. [stability variant 4],"s
- Supervisors may override model outputs; overrides logged in case (run 0)",high,,,,,,,,,,,,,,,,
run,llama3.1:8b,demo_gov_d2_trace,d2_traceability_01,4,Document addresses d2_traceability_01.,"s
- Supervisors may override model outputs; overrides logged in case",high,,,,,,,,,,,,,,,,
run,llama3.1:8b,demo_gov_d2_trace,d2_traceability_01,5,Document addresses d2_traceability_01.,"s
- Supervisors may override model outputs; overrides logged in case",high,,,,,,,,,,,,,,,,
run,llama3.1:8b,demo_gov_d2_trace,d2_traceability_01,6,Document addresses d2_traceability_01.,"s
- Supervisors may override model outputs; overrides logged in case",low,,,,,,,,,,,,,,,,
run,llama3.1:8b,demo_gov_d2_trace,d2_traceability_01,7,Document addresses d2_traceability_01.,"s
- Supervisors may override model outputs; overrides logged in case",high,,,,,,,,,,,,,,,,
run,llama3.1:8b,demo_gov_d2_trace,d2_traceability_01,8,Document addresses d2_traceability_01.,"s
- Supervisors may override model outputs; overrides logged in case",high,,,,,,,,,,,,,,,,
run,llama3.1:8b,demo_gov_d2_trace,d2_traceability_01,9,Document addresses d2_traceability_01.,"s
- Supervisors may override model outputs; overrides logged in case",medium,,,,,,,,,,,,,,,,
run,llama3.1:8b,demo_gov_d2_trace,d2_traceability_01,10,Document addresses d2_traceability_01.,"s
- Supervisors may override model outputs; overrides logged in case",high,,,,,,,,,,,,,,,,
run,llama3.1:8b,demo_gov_d2_trace,d2_traceability_01,11,Document addresses d2_traceability_01.,"s
- Supervisors may override model outputs; overrides logged in case",high,,,,,,,,,,,,,,,,
run,llama3.1:8b,demo_gov_d2_trace,d2_traceability_01,12,Document addresses d2_traceability_01. [stability variant 4],"s
- Supervisors may override model outputs; overrides logged in case (run 0)",low,,,,,,,,,,,,,,,,
run,llama3.1:8b,demo_gov_d2_trace,d2_traceability_01,13,Document addresses d2_traceability_01. [stability variant 2],"s
- Supervisors may override model outputs; overrides logged in case (run 1)",low,,,,,,,,,,,,,,,,
run,llama3.1:8b,demo_gov_d2_trace,d2_traceability_01,14,Document addresses d2_traceability_01.,"s
- Supervisors may override model outputs; overrides logged in case",high,,,,,,,,,,,,,,,,
run,llama3.1:8b,demo_gov_d2_trace,d2_traceability_01,15,Document addresses d2_traceability_01.,"s
- Supervisors may override model outputs; overrides logged in case",high,,,,,,,,,,,,,,,,
run,llama3.1:8b,demo_gov_d2_trace,d2_traceability_01,16,Document addresses d2_traceability_01.,"s
- Supervisors may override model outputs; overrides logged in case",high,,,,,,,,,,,,,,,,
run,llama3.1:8b,demo_gov_d2_trace,d2_traceability_01,17,Document addresses d2_traceability_01.,"s
- Supervisors may override model outputs; overrides logged in case",high,,,,,,,,,,,,,,,,
run,llama3.1:8b,demo_gov_d2_trace,d2_traceability_01,18,Document addresses d2_traceability_01.,"s
- Supervisors may override model outputs; overrides logged in case",high,,,,,,,,,,,,,,,,
run,llama3.1:8b,demo_gov_d2_trace,d2_traceability_01,19,Document addresses d2_traceability_01.,"s
- Supervisors may override model outputs; overrides logged in case",high,,,,,,,,,,,,,,,,
run,llama3.1:8b,gov_sample_d1_accountability,d1_accountability_01,0,Document addresses d1_accountability_01.,"with the designated service owner.""* Sampling of 10% of weekly outputs
is",high,,,,,,,,,,,,,,,,
run,llama3.1:8b,gov_sample_d1_accountability,d1_accountability_01,1,Document addresses d1_accountability_01.,"with the designated service owner.""* Sampling of 10% of weekly outputs
is",high,,,,,,,,,,,,,,,,
run,llama3.1:8b,gov_sample_d1_accountability,d1_accountability_01,2,Document addresses d1_accountability_01.,"with the designated service owner.""* Sampling of 10% of weekly outputs
is",high,,,,,,,,,,,,,,,,
run,llama3.1:8b,gov_sample_d1_accountability,d1_accountability_01,3,Document addresses d1_accountability_01.,"with the designated service owner.""* Sampling of 10% of weekly outputs
is",high,,,,,,,,,,,,,,,,
run,llama3.1:8b,gov_sample_d1_accountability,d1_accountability_01,4,Document addresses d1_accountability_01.,"with the designated service owner.""* Sampling of 10% of weekly outputs
is",high,,,,,,,,,,,,,,,,
run,llama3.1:8b,gov_sample_d1_accountability,d1_accountability_01,5,Document addresses d1_accountability_01.,"with the designated service owner.""* Sampling of 10% of weekly outputs
is",high,,,,,,,,,,,,,,,,
run,llama3.1:8b,gov_sample_d1_accountability,d1_accountability_01,6,Document addresses d1_accountability_01.,"with the designated service owner.""* Sampling of 10% of weekly outputs
is",high,,,,,,,,,,,,,,,,
run,llama3.1:8b,gov_sample_d1_accountability,d1_accountability_01,7,Document addresses d1_accountability_01.,"with the designated service owner.""* Sampling of 10% of weekly outputs
is",high,,,,,,,,,,,,,,,,
run,llama3.1:8b,gov_sample_d1_accountability,d1_accountability_01,8,Document addresses d1_accountability_01.,"with the designated service owner.""* Sampling of 10% of weekly outputs
is",low,,,,,,,,,,,,,,,,
run,llama3.1:8b,gov_sample_d1_accountability,d1_accountability_01,9,Document addresses d1_accountability_01.,"with the designated service owner.""* Sampling of 10% of weekly outputs
is",high,,,,,,,,,,,,,,,,
run,llama3.1:8b,gov_sample_d1_accountability,d1_accountability_01,10,Document addresses d1_accountability_01. [stability variant 1],"with the designated service owner.""* Sampling of 10% of weekly outputs
is",high,,,,,,,,,,,,,,,,
run,llama3.1:8b,gov_sample_d1_accountability,d1_accountability_01,11,Document addresses d1_accountability_01.,"with the designated service owner.""* Sampling of 10% of weekly outputs
is",high,,,,,,,,,,,,,,,,
run,llama3.1:8b,gov_sample_d1_accountability,d1_accountability_01,12,Document addresses d1_accountability_01.,"with the designated service owner.""* Sampling of 10% of weekly outputs
is",high,,,,,,,,,,,,,,,,
run,llama3.1:8b,gov_sample_d1_accountability,d1_accountability_01,13,Document addresses d1_accountability_01. [stability variant 3],"with the designated service owner.""* Sampling of 10% of weekly outputs
is (run 1)",medium,,,,,,,,,,,,,,,,
run,llama3.1:8b,gov_sample_d1_accountability,d1_accountability_01,14,Document addresses d1_accountability_01.,"with the designated service owner.""* Sampling of 10% of weekly outputs
is",high,,,,,,,,,,,,,,,,
run,llama3.1:8b,gov_sample_d1_accountability,d1_accountability_01,15,Document addresses d1_accountability_01. [stability variant 1],"with the designated service owner.""* Sampling of 10% of weekly outputs
is",low,,,,,,,,,,,,,,,,
run,llama3.1:8b,gov_sample_d1_accountability,d1_accountability_01,16,Document addresses d1_accountability_01.,"with the designated service owner.""* Sampling of 10% of weekly outputs
is",medium,,,,,,,,,,,,,,,,
run,llama3.1:8b,gov_sample_d1_accountability,d1_accountability_01,17,Document addresses d1_accountability_01.,"with the designated service owner.""* Sampling of 10% of weekly outputs
is",high,,,,,,,,,,,,,,,,
run,llama3.1:8b,gov_sample_d1_accountability,d1_accountability_01,18,Document addresses d1_accountability_01.,"with the designated service owner.""* Sampling of 10% of weekly outputs
is",high,,,,,,,,,,,,,,,,
run,llama3.1:8b,gov_sample_d1_accountability,d1_accountability_01,19,Document addresses d1_accountability_01.,"with the designated service owner.""* Sampling of 10% of weekly outputs
is",high,,,,,,,,,,,,,,,,
run,qwen2.5:7b,gov_sample_d2_oversight,d2_oversight_design_01,0,Document addresses d2_oversight_design_01. [stability variant 2],reviewed by a named policy officer. Review triggers include references to (run 0),medium,,,,,,,,,,,,,,,,
run,qwen2.5:7b,gov_sample_d2_oversight,d2_oversight_design_01,1,Document addresses d2_oversight_design_01.,reviewed by a named policy officer. Review triggers include references to,high,,,,,,,,,,,,,,,,
run,qwen2.5:7b,gov_sample_d2_oversight,d2_oversight_design_01,2,Document addresses d2_oversight_design_01.,reviewed by a named policy officer. Review triggers include references to,high,,,,,,,,,,,,,,,,
run,qwen2.5:7b,gov_sample_d2_oversight,d2_oversight_design_01,3,Document addresses d2_oversight_design_01.,reviewed by a named policy officer. Review triggers include references to,high,,,,,,,,,,,,,,,,
run,qwen2.5:7b,gov_sample_d2_oversight,d2_oversight_design_01,4,Document addresses d2_oversight_design_01.,reviewed by a named policy officer. Review triggers include references to,high,,,,,,,,,,,,,,,,
run,qwen2.5:7b,gov_sample_d2_oversight,d2_oversight_design_01,5,Document addresses d2_oversight_design_01.,reviewed by a named policy officer. Review triggers include references to,high,,,,,,,,,,,,,,,,
run,qwen2.5:7b,gov_sample_d2_oversight,d2_oversight_design_01,6,Document addresses d2_oversight_design_01. [stability variant 3],reviewed by a named policy officer. Review triggers include references to (run 0),medium,,,,,,,,,,,,,,,,
run,qwen2.5:7b,gov_sample_d2_oversight,d2_oversight_design_01,7,Document addresses d2_oversight_design_01. [stability variant 3],reviewed by a named policy officer. Review triggers include references to (run 1),medium,,,,,,,,,,,,,,,,
run,qwen2.5:7b,gov_sample_d2_oversight,d2_oversight_design_01,8,Document addresses d2_oversight_design_01.,reviewed by a named policy officer. Review triggers include references to,high,,,,,,,,,,,,,,,,
run,qwen2.5:7b,gov_sample_d2_oversight,d2_oversight_design_01,9,Document addresses d2_oversight_design_01.,reviewed by a named policy officer. Review triggers include references to,high,,,,,,,,,,,,,,,,
run,qwen2.5:7b,gov_sample_d2_oversight,d2_oversight_design_01,10,Document addresses d2_oversight_design_01.,reviewed by a named policy officer. Review triggers include references to,high,,,,,,,,,,,,,,,,
run,qwen2.5:7b,gov_sample_d2_oversight,d2_oversight_design_01,11,Document addresses d2_oversight_design_01.,reviewed by a named policy officer. Review triggers include references to,high,,,,,,,,,,,,,,,,
run,qwen2.5:7b,gov_sample_d2_oversight,d2_oversight_design_01,12,Document addresses d2_oversight_design_01.,reviewed by a named policy officer. Review triggers include references to,high,,,,,,,,,,,,,,,,
run,qwen2.5:7b,gov_sample_d2_oversight,d2_oversight_design_01,13,Document addresses d2_oversight_design_01.,reviewed by a named policy officer. Review triggers include references to,high,,,,,,,,,,,,,,,,
run,qwen2.5:7b,gov_sample_d2_oversight,d2_oversight_design_01,14,Document addresses d2_oversight_design_01. [stability variant 1],reviewed by a named policy officer. Review triggers include references to,low,,,,,,,,,,,,,,,,
run,qwen2.5:7b,gov_sample_d2_oversight,d2_oversight_design_01,15,Document addresses d2_oversight_design_01.,reviewed by a named policy officer. Review triggers include references to,high,,,,,,,,,,,,,,,,
run,qwen2.5:7b,gov_sample_d2_oversight,d2_oversight_design_01,16,Document addresses d2_oversight_design_01.,reviewed by a named policy officer. Review triggers include references to,high,,,,,,,,,,,,,,,,
run,qwen2.5:7b,gov_sample_d2_oversight,d2_oversight_design_01,17,Document addresses d2_oversight_design_01. [stability variant 2],reviewed by a named policy officer. Review triggers include references to (run 2),medium,,,,,,,,,,,,,,,,
run,qwen2.5:7b,gov_sample_d2_oversight,d2_oversight_design_01,18,Document addresses d2_oversight_design_01.,reviewed by a named policy officer. Review triggers include references to,high,,,,,,,,,,,,,,,,
run,qwen2.5:7b,gov_sample_d2_oversight,d2_oversight_design_01,19,Document addresses d2_oversight_design_01. [stability variant 3],reviewed by a named policy officer. Review triggers include references to (run 1),low,,,,,,,,,,,,,,,,
run,qwen2.5:7b,gov_sample_d4_sovereignty,d4_data_sovereignty_01,0,Document addresses d4_data_sovereignty_01. [stability variant 1],rence stack runs on borough-owned hardware in the EU. Egress to external,high,,,,,,,,,,,,,,,,
run,qwen2.5:7b,gov_sample_d4_sovereignty,d4_data_sovereignty_01,1,Document addresses d4_data_sovereignty_01.,rence stack runs on borough-owned hardware in the EU. Egress to external,medium,,,,,,,,,,,,,,,,
run,qwen2.5:7b,gov_sample_d4_sovereignty,d4_data_sovereignty_01,2,Document addresses d4_data_sovereignty_01.,rence stack runs on borough-owned hardware in the EU. Egress to external,high,,,,,,,,,,,,,,,,
run,qwen2.5:7b,gov_sample_d4_sovereignty,d4_data_sovereignty_01,3,Document addresses d4_data_sovereignty_01.,rence stack runs on borough-owned hardware in the EU. Egress to external,high,,,,,,,,,,,,,,,,
run,qwen2.5:7b,gov_sample_d4_sovereignty,d4_data_sovereignty_01,4,Document addresses d4_data_sovereignty_01.,rence stack runs on borough-owned hardware in the EU. Egress to external,high,,,,,,,,,,,,,,,,
run,qwen2.5:7b,gov_sample_d4_sovereignty,d4_data_sovereignty_01,5,Document addresses d4_data_sovereignty_01. [stability variant 4],rence stack runs on borough-owned hardware in the EU. Egress to external (run 2),low,,,,,,,,,,,,,,,,
run,qwen2.5:7b,gov_sample_d4_sovereignty,d4_data_sovereignty_01,6,Document addresses d4_data_sovereignty_01.,rence stack runs on borough-owned hardware in the EU. Egress to external,high,,,,,,,,,,,,,,,,
run,qwen2.5:7b,gov_sample_d4_sovereignty,d4_data_sovereignty_01,7,Document addresses d4_data_sovereignty_01.,rence stack runs on borough-owned hardware in the EU. Egress to external,high,,,,,,,,,,,,,,,,
run,qwen2.5:7b,gov_sample_d4_sovereignty,d4_data_sovereignty_01,8,Document addresses d4_data_sovereignty_01.,rence stack runs on borough-owned hardware in the EU. Egress to external,high,,,,,,,,,,,,,,,,
run,qwen2.5:7b,gov_sample_d4_sovereignty,d4_data_sovereignty_01,9,Document addresses d4_data_sovereignty_01.,rence stack runs on borough-owned hardware in the EU. Egress to external,low,,,,,,,,,,,,,,,,
run,qwen2.5:7b,gov_sample_d4_sovereignty,d4_data_sovereignty_01,10,Document addresses d4_data_sovereignty_01.,rence stack runs on borough-owned hardware in the EU. Egress to external,high,,,,,,,,,,,,,,,,
run,qwen2.5:7b,gov_sample_d4_sovereignty,d4_data_sovereignty_01,11,Document addresses d4_data_sovereignty_01. [stability variant 2],rence stack runs on borough-owned hardware in the EU. Egress to external (run 2),medium,,,,,,,,,,,,,,,,
run,qwen2.5:7b,gov_sample_d4_sovereignty,d4_data_sovereignty_01,12,Document addresses d4_data_sovereignty_01.,rence stack runs on borough-owned hardware in the EU. Egress to external,high,,,,,,,,,,,,,,,,
run,qwen2.5:7b,gov_sample_d4_sovereignty,d4_data_sovereignty_01,13,Document addresses d4_data_sovereignty_01.,rence stack runs on borough-owned hardware in the EU. Egress to external,high,,,,,,,,,,,,,,,,
run,qwen2.5:7b,gov_sample_d4_sovereignty,d4_data_sovereignty_01,14,Document addresses d4_data_sovereignty_01.,rence stack runs on borough-owned hardware in the EU. Egress to external,high,,,,,,,,,,,,,,,,
run,qwen2.5:7b,gov_sample_d4_sovereignty,d4_data_sovereignty_01,15,Document addresses d4_data_sovereignty_01.,rence stack runs on borough-owned hardware in the EU. Egress to external,high,,,,,,,,,,,,,,,,
run,qwen2.5:7b,gov_sample_d4_sovereignty,d4_data_sovereignty_01,16,Document addresses d4_data_sovereignty_01.,rence stack runs on borough-owned hardware in the EU. Egress to external,high,,,,,,,,,,,,,,,,
run,qwen2.5:7b,gov_sample_d4_sovereignty,d4_data_sovereignty_01,17,Document addresses d4_data_sovereignty_01.,rence stack runs on borough-owned hardware in the EU. Egress to external,high,,,,,,,,,,,,,,,,
run,qwen2.5:7b,gov_sample_d4_sovereignty,d4_data_sovereignty_01,18,Document addresses d4_data_sovereignty_01. [stability variant 1],rence stack runs on borough-owned hardware in the EU. Egress to external,medium,,,,,,,,,,,,,,,,
run,qwen2.5:7b,gov_sample_d4_sovereignty,d4_data_sovereignty_01,19,Document addresses d4_data_sovereignty_01. [stability variant 3],rence stack runs on borough-owned hardware in the EU. Egress to external (run 1),high,,,,,,,,,,,,,,,,
run,qwen2.5:7b,gov_sample_d6_vendor,d6_vendor_independence_01,0,Document addresses d6_vendor_independence_01.,"security updates.

Vendor contracts require 30-day notice before model weig",high,,,,,,,,,,,,,,,,
run,qwen2.5:7b,gov_sample_d6_vendor,d6_vendor_independence_01,1,Document addresses d6_vendor_independence_01.,"security updates.

Vendor contracts require 30-day notice before model weig",high,,,,,,,,,,,,,,,,
run,qwen2.5:7b,gov_sample_d6_vendor,d6_vendor_independence_01,2,Document addresses d6_vendor_independence_01. [stability variant 4],"security updates.

Vendor contracts require 30-day notice before model weig (run 2)",medium,,,,,,,,,,,,,,,,
run,qwen2.5:7b,gov_sample_d6_vendor,d6_vendor_independence_01,3,Document addresses d6_vendor_independence_01.,"security updates.

Vendor contracts require 30-day notice before model weig",high,,,,,,,,,,,,,,,,
run,qwen2.5:7b,gov_sample_d6_vendor,d6_vendor_independence_01,4,Document addresses d6_vendor_independence_01.,"security updates.

Vendor contracts require 30-day notice before model weig",high,,,,,,,,,,,,,,,,
run,qwen2.5:7b,gov_sample_d6_vendor,d6_vendor_independence_01,5,Document addresses d6_vendor_independence_01.,"security updates.

Vendor contracts require 30-day notice before model weig",high,,,,,,,,,,,,,,,,
run,qwen2.5:7b,gov_sample_d6_vendor,d6_vendor_independence_01,6,Document addresses d6_vendor_independence_01.,"security updates.

Vendor contracts require 30-day notice before model weig",high,,,,,,,,,,,,,,,,
run,qwen2.5:7b,gov_sample_d6_vendor,d6_vendor_independence_01,7,Document addresses d6_vendor_independence_01.,"security updates.

Vendor contracts require 30-day notice before model weig",high,,,,,,,,,,,,,,,,
run,qwen2.5:7b,gov_sample_d6_vendor,d6_vendor_independence_01,8,Document addresses d6_vendor_independence_01.,"security updates.

Vendor contracts require 30-day notice before model weig",high,,,,,,,,,,,,,,,,
run,qwen2.5:7b,gov_sample_d6_vendor,d6_vendor_independence_01,9,Document addresses d6_vendor_independence_01.,"security updates.

Vendor contracts require 30-day notice before model weig",high,,,,,,,,,,,,,,,,
run,qwen2.5:7b,gov_sample_d6_vendor,d6_vendor_independence_01,10,Document addresses d6_vendor_independence_01.,"security updates.

Vendor contracts require 30-day notice before model weig",high,,,,,,,,,,,,,,,,
run,qwen2.5:7b,gov_sample_d6_vendor,d6_vendor_independence_01,11,Document addresses d6_vendor_independence_01.,"security updates.

Vendor contracts require 30-day notice before model weig",high,,,,,,,,,,,,,,,,
run,qwen2.5:7b,gov_sample_d6_vendor,d6_vendor_independence_01,12,Document addresses d6_vendor_independence_01. [stability variant 4],"security updates.

Vendor contracts require 30-day notice before model weig (run 0)",medium,,,,,,,,,,,,,,,,
run,qwen2.5:7b,gov_sample_d6_vendor,d6_vendor_independence_01,13,Document addresses d6_vendor_independence_01.,"security updates.

Vendor contracts require 30-day notice before model weig",high,,,,,,,,,,,,,,,,
run,qwen2.5:7b,gov_sample_d6_vendor,d6_vendor_independence_01,14,Document addresses d6_vendor_independence_01.,"security updates.

Vendor contracts require 30-day notice before model weig",high,,,,,,,,,,,,,,,,
run,qwen2.5:7b,gov_sample_d6_vendor,d6_vendor_independence_01,15,Document addresses d6_vendor_independence_01.,"security updates.

Vendor contracts require 30-day notice before model weig",high,,,,,,,,,,,,,,,,
run,qwen2.5:7b,gov_sample_d6_vendor,d6_vendor_independence_01,16,Document addresses d6_vendor_independence_01.,"security updates.

Vendor contracts require 30-day notice before model weig",high,,,,,,,,,,,,,,,,
run,qwen2.5:7b,gov_sample_d6_vendor,d6_vendor_independence_01,17,Document addresses d6_vendor_independence_01.,"security updates.

Vendor contracts require 30-day notice before model weig",high,,,,,,,,,,,,,,,,
run,qwen2.5:7b,gov_sample_d6_vendor,d6_vendor_independence_01,18,Document addresses d6_vendor_independence_01.,"security updates.

Vendor contracts require 30-day notice before model weig",low,,,,,,,,,,,,,,,,
run,qwen2.5:7b,gov_sample_d6_vendor,d6_vendor_independence_01,19,Document addresses d6_vendor_independence_01.,"security updates.

Vendor contracts require 30-day notice before model weig",high,,,,,,,,,,,,,,,,
run,qwen2.5:7b,gov_sample_d5_incidents,d5_monitoring_incidents_01,0,Document addresses d5_monitoring_incidents_01.,"me.

## 5. Risk and incidents

AI-related risks are entered in the co",high,,,,,,,,,,,,,,,,
run,qwen2.5:7b,gov_sample_d5_incidents,d5_monitoring_incidents_01,1,Document addresses d5_monitoring_incidents_01.,"me.

## 5. Risk and incidents

AI-related risks are entered in the co",high,,,,,,,,,,,,,,,,
run,qwen2.5:7b,gov_sample_d5_incidents,d5_monitoring_incidents_01,2,Document addresses d5_monitoring_incidents_01.,"me.

## 5. Risk and incidents

AI-related risks are entered in the co",high,,,,,,,,,,,,,,,,
run,qwen2.5:7b,gov_sample_d5_incidents,d5_monitoring_incidents_01,3,Document addresses d5_monitoring_incidents_01.,"me.

## 5. Risk and incidents

AI-related risks are entered in the co",high,,,,,,,,,,,,,,,,
run,qwen2.5:7b,gov_sample_d5_incidents,d5_monitoring_incidents_01,4,Document addresses d5_monitoring_incidents_01.,"me.

## 5. Risk and incidents

AI-related risks are entered in the co",high,,,,,,,,,,,,,,,,
run,qwen2.5:7b,gov_sample_d5_incidents,d5_monitoring_incidents_01,5,Document addresses d5_monitoring_incidents_01. [stability variant 4],"me.

## 5. Risk and incidents

AI-related risks are entered in the co (run 2)",high,,,,,,,,,,,,,,,,
run,qwen2.5:7b,gov_sample_d5_incidents,d5_monitoring_incidents_01,6,Document addresses d5_monitoring_incidents_01.,"me.

## 5. Risk and incidents

AI-related risks are entered in the co",high,,,,,,,,,,,,,,,,
run,qwen2.5:7b,gov_sample_d5_incidents,d5_monitoring_incidents_01,7,Document addresses d5_monitoring_incidents_01.,"me.

## 5. Risk and incidents

AI-related risks are entered in the co",high,,,,,,,,,,,,,,,,
run,qwen2.5:7b,gov_sample_d5_incidents,d5_monitoring_incidents_01,8,Document addresses d5_monitoring_incidents_01.,"me.

## 5. Risk and incidents

AI-related risks are entered in the co",high,,,,,,,,,,,,,,,,
run,qwen2.5:7b,gov_sample_d5_incidents,d5_monitoring_incidents_01,9,Document addresses d5_monitoring_incidents_01.,"me.

## 5. Risk and incidents

AI-related risks are entered in the co",medium,,,,,,,,,,,,,,,,
run,qwen2.5:7b,gov_sample_d5_incidents,d5_monitoring_incidents_01,10,Document addresses d5_monitoring_incidents_01. [stability variant 2],"me.

## 5. Risk and incidents

AI-related risks are entered in the co (run 1)",medium,,,,,,,,,,,,,,,,
run,qwen2.5:7b,gov_sample_d5_incidents,d5_monitoring_incidents_01,11,Document addresses d5_monitoring_incidents_01.,"me.

## 5. Risk and incidents

AI-related risks are entered in the co",high,,,,,,,,,,,,,,,,
run,qwen2.5:7b,gov_sample_d5_incidents,d5_monitoring_incidents_01,12,Document addresses d5_monitoring_incidents_01. [stability variant 2],"me.

## 5. Risk and incidents

AI-related risks are entered in the co (run 0)",high,,,,,,,,,,,,,,,,
run,qwen2.5:7b,gov_sample_d5_incidents,d5_monitoring_incidents_01,13,Document addresses d5_monitoring_incidents_01.,"me.

## 5. Risk and incidents

AI-related risks are entered in the co",high,,,,,,,,,,,,,,,,
run,qwen2.5:7b,gov_sample_d5_incidents,d5_monitoring_incidents_01,14,Document addresses d5_monitoring_incidents_01.,"me.

## 5. Risk and incidents

AI-related risks are entered in the co",high,,,,,,,,,,,,,,,,
run,qwen2.5:7b,gov_sample_d5_incidents,d5_monitoring_incidents_01,15,Document addresses d5_monitoring_incidents_01.,"me.

## 5. Risk and incidents

AI-related risks are entered in the co",high,,,,,,,,,,,,,,,,
run,qwen2.5:7b,gov_sample_d5_incidents,d5_monitoring_incidents_01,16,Document addresses d5_monitoring_incidents_01.,"me.

## 5. Risk and incidents

AI-related risks are entered in the co",high,,,,,,,,,,,,,,,,
run,qwen2.5:7b,gov_sample_d5_incidents,d5_monitoring_incidents_01,17,Document addresses d5_monitoring_incidents_01.,"me.

## 5. Risk and incidents

AI-related risks are entered in the co",high,,,,,,,,,,,,,,,,
run,qwen2.5:7b,gov_sample_d5_incidents,d5_monitoring_incidents_01,18,Document addresses d5_monitoring_incidents_01.,"me.

## 5. Risk and incidents

AI-related risks are entered in the co",high,,,,,,,,,,,,,,,,
run,qwen2.5:7b,gov_sample_d5_incidents,d5_monitoring_incidents_01,19,Document addresses d5_monitoring_incidents_01.,"me.

## 5. Risk and incidents

AI-related risks are entered in the co",high,,,,,,,,,,,,,,,,
run,qwen2.5:7b,procurement_d2_miss,d2_oversight_design_01,0,No explicit evidence identified.,,low,,,,,,,,,,,,,,,,
run,qwen2.5:7b,procurement_d2_miss,d2_oversight_design_01,1,No explicit evidence identified.,,low,,,,,,,,,,,,,,,,
run,qwen2.5:7b,procurement_d2_miss,d2_oversight_design_01,2,No explicit evidence identified.,,low,,,,,,,,,,,,,,,,
run,qwen2.5:7b,procurement_d2_miss,d2_oversight_design_01,3,No explicit evidence identified. [stability variant 1],synthetic variant 1,low,,,,,,,,,,,,,,,,
run,qwen2.5:7b,procurement_d2_miss,d2_oversight_design_01,4,No explicit evidence identified.,,low,,,,,,,,,,,,,,,,
run,qwen2.5:7b,procurement_d2_miss,d2_oversight_design_01,5,No explicit evidence identified.,,low,,,,,,,,,,,,,,,,
run,qwen2.5:7b,procurement_d2_miss,d2_oversight_design_01,6,No explicit evidence identified.,,low,,,,,,,,,,,,,,,,
run,qwen2.5:7b,procurement_d2_miss,d2_oversight_design_01,7,No explicit evidence identified.,,low,,,,,,,,,,,,,,,,
run,qwen2.5:7b,procurement_d2_miss,d2_oversight_design_01,8,No explicit evidence identified.,,low,,,,,,,,,,,,,,,,
run,qwen2.5:7b,procurement_d2_miss,d2_oversight_design_01,9,No explicit evidence identified.,,low,,,,,,,,,,,,,,,,
run,qwen2.5:7b,procurement_d2_miss,d2_oversight_design_01,10,No explicit evidence identified.,,low,,,,,,,,,,,,,,,,
run,qwen2.5:7b,procurement_d2_miss,d2_oversight_design_01,11,No explicit evidence identified. [stability variant 1],synthetic variant 1,high,,,,,,,,,,,,,,,,
run,qwen2.5:7b,procurement_d2_miss,d2_oversight_design_01,12,No explicit evidence identified.,,low,,,,,,,,,,,,,,,,
run,qwen2.5:7b,procurement_d2_miss,d2_oversight_design_01,13,No explicit evidence identified.,,low,,,,,,,,,,,,,,,,
run,qwen2.5:7b,procurement_d2_miss,d2_oversight_design_01,14,No explicit evidence identified.,,low,,,,,,,,,,,,,,,,
run,qwen2.5:7b,procurement_d2_miss,d2_oversight_design_01,15,No explicit evidence identified. [stability variant 2],synthetic variant 2,medium,,,,,,,,,,,,,,,,
run,qwen2.5:7b,procurement_d2_miss,d2_oversight_design_01,16,No explicit evidence identified.,,low,,,,,,,,,,,,,,,,
run,qwen2.5:7b,procurement_d2_miss,d2_oversight_design_01,17,No explicit evidence identified.,,low,,,,,,,,,,,,,,,,
run,qwen2.5:7b,procurement_d2_miss,d2_oversight_design_01,18,No explicit evidence identified.,,low,,,,,,,,,,,,,,,,
run,qwen2.5:7b,procurement_d2_miss,d2_oversight_design_01,19,No explicit evidence identified. [stability variant 2],synthetic variant 2,low,,,,,,,,,,,,,,,,
run,qwen2.5:7b,procurement_d6_vendor,d6_vendor_independence_01,0,Document addresses d6_vendor_independence_01. [stability variant 4],"l security team

## Vendor independence

Secondary supplier evaluation schedule (run 0)",high,,,,,,,,,,,,,,,,
run,qwen2.5:7b,procurement_d6_vendor,d6_vendor_independence_01,1,Document addresses d6_vendor_independence_01.,"l security team

## Vendor independence

Secondary supplier evaluation schedule",high,,,,,,,,,,,,,,,,
run,qwen2.5:7b,procurement_d6_vendor,d6_vendor_independence_01,2,Document addresses d6_vendor_independence_01.,"l security team

## Vendor independence

Secondary supplier evaluation schedule",high,,,,,,,,,,,,,,,,
run,qwen2.5:7b,procurement_d6_vendor,d6_vendor_independence_01,3,Document addresses d6_vendor_independence_01.,"l security team

## Vendor independence

Secondary supplier evaluation schedule",high,,,,,,,,,,,,,,,,
run,qwen2.5:7b,procurement_d6_vendor,d6_vendor_independence_01,4,Document addresses d6_vendor_independence_01.,"l security team

## Vendor independence

Secondary supplier evaluation schedule",high,,,,,,,,,,,,,,,,
run,qwen2.5:7b,procurement_d6_vendor,d6_vendor_independence_01,5,Document addresses d6_vendor_independence_01.,"l security team

## Vendor independence

Secondary supplier evaluation schedule",high,,,,,,,,,,,,,,,,
run,qwen2.5:7b,procurement_d6_vendor,d6_vendor_independence_01,6,Document addresses d6_vendor_independence_01.,"l security team

## Vendor independence

Secondary supplier evaluation schedule",high,,,,,,,,,,,,,,,,
run,qwen2.5:7b,procurement_d6_vendor,d6_vendor_independence_01,7,Document addresses d6_vendor_independence_01.,"l security team

## Vendor independence

Secondary supplier evaluation schedule",high,,,,,,,,,,,,,,,,
run,qwen2.5:7b,procurement_d6_vendor,d6_vendor_independence_01,8,Document addresses d6_vendor_independence_01.,"l security team

## Vendor independence

Secondary supplier evaluation schedule",high,,,,,,,,,,,,,,,,
run,qwen2.5:7b,procurement_d6_vendor,d6_vendor_independence_01,9,Document addresses d6_vendor_independence_01.,"l security team

## Vendor independence

Secondary supplier evaluation schedule",high,,,,,,,,,,,,,,,,
run,qwen2.5:7b,procurement_d6_vendor,d6_vendor_independence_01,10,Document addresses d6_vendor_independence_01.,"l security team

## Vendor independence

Secondary supplier evaluation schedule",high,,,,,,,,,,,,,,,,
run,qwen2.5:7b,procurement_d6_vendor,d6_vendor_independence_01,11,Document addresses d6_vendor_independence_01.,"l security team

## Vendor independence

Secondary supplier evaluation schedule",high,,,,,,,,,,,,,,,,
run,qwen2.5:7b,procurement_d6_vendor,d6_vendor_independence_01,12,Document addresses d6_vendor_independence_01.,"l security team

## Vendor independence

Secondary supplier evaluation schedule",high,,,,,,,,,,,,,,,,
run,qwen2.5:7b,procurement_d6_vendor,d6_vendor_independence_01,13,Document addresses d6_vendor_independence_01.,"l security team

## Vendor independence

Secondary supplier evaluation schedule",high,,,,,,,,,,,,,,,,
run,qwen2.5:7b,procurement_d6_vendor,d6_vendor_independence_01,14,Document addresses d6_vendor_independence_01. [stability variant 2],"l security team

## Vendor independence

Secondary supplier evaluation schedule (run 2)",medium,,,,,,,,,,,,,,,,
run,qwen2.5:7b,procurement_d6_vendor,d6_vendor_independence_01,15,Document addresses d6_vendor_independence_01.,"l security team

## Vendor independence

Secondary supplier evaluation schedule",high,,,,,,,,,,,,,,,,
run,qwen2.5:7b,procurement_d6_vendor,d6_vendor_independence_01,16,Document addresses d6_vendor_independence_01. [stability variant 2],"l security team

## Vendor independence

Secondary supplier evaluation schedule (run 1)",high,,,,,,,,,,,,,,,,
run,qwen2.5:7b,procurement_d6_vendor,d6_vendor_independence_01,17,Document addresses d6_vendor_independence_01.,"l security team

## Vendor independence

Secondary supplier evaluation schedule",high,,,,,,,,,,,,,,,,
run,qwen2.5:7b,procurement_d6_vendor,d6_vendor_independence_01,18,Document addresses d6_vendor_independence_01.,"l security team

## Vendor independence

Secondary supplier evaluation schedule",high,,,,,,,,,,,,,,,,
run,qwen2.5:7b,procurement_d6_vendor,d6_vendor_independence_01,19,Document addresses d6_vendor_independence_01. [stability variant 3],"l security team

## Vendor independence

Secondary supplier evaluation schedule (run 1)",medium,,,,,,,,,,,,,,,,
run,qwen2.5:7b,tech_d6_infra,d6_infrastructure_01,0,Document addresses d6_infrastructure_01.,"luster in municipal data centre (EU hosting)
- No public cloud inferenc",high,,,,,,,,,,,,,,,,
run,qwen2.5:7b,tech_d6_infra,d6_infrastructure_01,1,Document addresses d6_infrastructure_01.,"luster in municipal data centre (EU hosting)
- No public cloud inferenc",high,,,,,,,,,,,,,,,,
run,qwen2.5:7b,tech_d6_infra,d6_infrastructure_01,2,Document addresses d6_infrastructure_01.,"luster in municipal data centre (EU hosting)
- No public cloud inferenc",high,,,,,,,,,,,,,,,,
run,qwen2.5:7b,tech_d6_infra,d6_infrastructure_01,3,Document addresses d6_infrastructure_01.,"luster in municipal data centre (EU hosting)
- No public cloud inferenc",high,,,,,,,,,,,,,,,,
run,qwen2.5:7b,tech_d6_infra,d6_infrastructure_01,4,Document addresses d6_infrastructure_01.,"luster in municipal data centre (EU hosting)
- No public cloud inferenc",high,,,,,,,,,,,,,,,,
run,qwen2.5:7b,tech_d6_infra,d6_infrastructure_01,5,Document addresses d6_infrastructure_01.,"luster in municipal data centre (EU hosting)
- No public cloud inferenc",high,,,,,,,,,,,,,,,,
run,qwen2.5:7b,tech_d6_infra,d6_infrastructure_01,6,Document addresses d6_infrastructure_01.,"luster in municipal data centre (EU hosting)
- No public cloud inferenc",high,,,,,,,,,,,,,,,,
run,qwen2.5:7b,tech_d6_infra,d6_infrastructure_01,7,Document addresses d6_infrastructure_01.,"luster in municipal data centre (EU hosting)
- No public cloud inferenc",high,,,,,,,,,,,,,,,,
run,qwen2.5:7b,tech_d6_infra,d6_infrastructure_01,8,Document addresses d6_infrastructure_01.,"luster in municipal data centre (EU hosting)
- No public cloud inferenc",high,,,,,,,,,,,,,,,,
run,qwen2.5:7b,tech_d6_infra,d6_infrastructure_01,9,Document addresses d6_infrastructure_01.,"luster in municipal data centre (EU hosting)
- No public cloud inferenc",high,,,,,,,,,,,,,,,,
run,qwen2.5:7b,tech_d6_infra,d6_infrastructure_01,10,Document addresses d6_infrastructure_01.,"luster in municipal data centre (EU hosting)
- No public cloud inferenc",high,,,,,,,,,,,,,,,,
run,qwen2.5:7b,tech_d6_infra,d6_infrastructure_01,11,Document addresses d6_infrastructure_01.,"luster in municipal data centre (EU hosting)
- No public cloud inferenc",high,,,,,,,,,,,,,,,,
run,qwen2.5:7b,tech_d6_infra,d6_infrastructure_01,12,Document addresses d6_infrastructure_01.,"luster in municipal data centre (EU hosting)
- No public cloud inferenc",high,,,,,,,,,,,,,,,,
run,qwen2.5:7b,tech_d6_infra,d6_infrastructure_01,13,Document addresses d6_infrastructure_01.,"luster in municipal data centre (EU hosting)
- No public cloud inferenc",high,,,,,,,,,,,,,,,,
run,qwen2.5:7b,tech_d6_infra,d6_infrastructure_01,14,Document addresses d6_infrastructure_01.,"luster in municipal data centre (EU hosting)
- No public cloud inferenc",high,,,,,,,,,,,,,,,,
run,qwen2.5:7b,tech_d6_infra,d6_infrastructure_01,15,Document addresses d6_infrastructure_01. [stability variant 2],"luster in municipal data centre (EU hosting)
- No public cloud inferenc (run 0)",high,,,,,,,,,,,,,,,,
run,qwen2.5:7b,tech_d6_infra,d6_infrastructure_01,16,Document addresses d6_infrastructure_01.,"luster in municipal data centre (EU hosting)
- No public cloud inferenc",high,,,,,,,,,,,,,,,,
run,qwen2.5:7b,tech_d6_infra,d6_infrastructure_01,17,Document addresses d6_infrastructure_01.,"luster in municipal data centre (EU hosting)
- No public cloud inferenc",high,,,,,,,,,,,,,,,,
run,qwen2.5:7b,tech_d6_infra,d6_infrastructure_01,18,Document addresses d6_infrastructure_01.,"luster in municipal data centre (EU hosting)
- No public cloud inferenc",high,,,,,,,,,,,,,,,,
run,qwen2.5:7b,tech_d6_infra,d6_infrastructure_01,19,Document addresses d6_infrastructure_01.,"luster in municipal data centre (EU hosting)
- No public cloud inferenc",high,,,,,,,,,,,,,,,,
run,qwen2.5:7b,tech_d2_miss,d2_intervention_01,0,No explicit evidence identified.,,low,,,,,,,,,,,,,,,,
run,qwen2.5:7b,tech_d2_miss,d2_intervention_01,1,No explicit evidence identified.,,low,,,,,,,,,,,,,,,,
run,qwen2.5:7b,tech_d2_miss,d2_intervention_01,2,No explicit evidence identified.,,low,,,,,,,,,,,,,,,,
run,qwen2.5:7b,tech_d2_miss,d2_intervention_01,3,No explicit evidence identified.,,low,,,,,,,,,,,,,,,,
run,qwen2.5:7b,tech_d2_miss,d2_intervention_01,4,No explicit evidence identified.,,low,,,,,,,,,,,,,,,,
run,qwen2.5:7b,tech_d2_miss,d2_intervention_01,5,No explicit evidence identified.,,low,,,,,,,,,,,,,,,,
run,qwen2.5:7b,tech_d2_miss,d2_intervention_01,6,No explicit evidence identified.,,low,,,,,,,,,,,,,,,,
run,qwen2.5:7b,tech_d2_miss,d2_intervention_01,7,No explicit evidence identified.,,low,,,,,,,,,,,,,,,,
run,qwen2.5:7b,tech_d2_miss,d2_intervention_01,8,No explicit evidence identified.,,low,,,,,,,,,,,,,,,,
run,qwen2.5:7b,tech_d2_miss,d2_intervention_01,9,No explicit evidence identified. [stability variant 4],synthetic variant 4,low,,,,,,,,,,,,,,,,
run,qwen2.5:7b,tech_d2_miss,d2_intervention_01,10,No explicit evidence identified. [stability variant 3],synthetic variant 3,high,,,,,,,,,,,,,,,,
run,qwen2.5:7b,tech_d2_miss,d2_intervention_01,11,No explicit evidence identified.,,low,,,,,,,,,,,,,,,,
run,qwen2.5:7b,tech_d2_miss,d2_intervention_01,12,No explicit evidence identified. [stability variant 2],synthetic variant 2,medium,,,,,,,,,,,,,,,,
run,qwen2.5:7b,tech_d2_miss,d2_intervention_01,13,No explicit evidence identified.,,low,,,,,,,,,,,,,,,,
run,qwen2.5:7b,tech_d2_miss,d2_intervention_01,14,No explicit evidence identified.,,low,,,,,,,,,,,,,,,,
run,qwen2.5:7b,tech_d2_miss,d2_intervention_01,15,No explicit evidence identified.,,low,,,,,,,,,,,,,,,,
run,qwen2.5:7b,tech_d2_miss,d2_intervention_01,16,No explicit evidence identified.,,low,,,,,,,,,,,,,,,,
run,qwen2.5:7b,tech_d2_miss,d2_intervention_01,17,No explicit evidence identified.,,low,,,,,,,,,,,,,,,,
run,qwen2.5:7b,tech_d2_miss,d2_intervention_01,18,No explicit evidence identified.,,low,,,,,,,,,,,,,,,,
run,qwen2.5:7b,tech_d2_miss,d2_intervention_01,19,No explicit evidence identified.,,low,,,,,,,,,,,,,,,,
run,qwen2.5:7b,incident_d5_monitor,d5_monitoring_incidents_01,0,Document addresses d5_monitoring_incidents_01.,"ffected sessions
3. Post-incident review template IR-AI-2025

## Escalati",high,,,,,,,,,,,,,,,,
run,qwen2.5:7b,incident_d5_monitor,d5_monitoring_incidents_01,1,Document addresses d5_monitoring_incidents_01.,"ffected sessions
3. Post-incident review template IR-AI-2025

## Escalati",high,,,,,,,,,,,,,,,,
run,qwen2.5:7b,incident_d5_monitor,d5_monitoring_incidents_01,2,Document addresses d5_monitoring_incidents_01.,"ffected sessions
3. Post-incident review template IR-AI-2025

## Escalati",low,,,,,,,,,,,,,,,,
run,qwen2.5:7b,incident_d5_monitor,d5_monitoring_incidents_01,3,Document addresses d5_monitoring_incidents_01.,"ffected sessions
3. Post-incident review template IR-AI-2025

## Escalati",high,,,,,,,,,,,,,,,,
run,qwen2.5:7b,incident_d5_monitor,d5_monitoring_incidents_01,4,Document addresses d5_monitoring_incidents_01.,"ffected sessions
3. Post-incident review template IR-AI-2025

## Escalati",high,,,,,,,,,,,,,,,,
run,qwen2.5:7b,incident_d5_monitor,d5_monitoring_incidents_01,5,Document addresses d5_monitoring_incidents_01.,"ffected sessions
3. Post-incident review template IR-AI-2025

## Escalati",high,,,,,,,,,,,,,,,,
run,qwen2.5:7b,incident_d5_monitor,d5_monitoring_incidents_01,6,Document addresses d5_monitoring_incidents_01.,"ffected sessions
3. Post-incident review template IR-AI-2025

## Escalati",high,,,,,,,,,,,,,,,,
run,qwen2.5:7b,incident_d5_monitor,d5_monitoring_incidents_01,7,Document addresses d5_monitoring_incidents_01.,"ffected sessions
3. Post-incident review template IR-AI-2025

## Escalati",high,,,,,,,,,,,,,,,,
run,qwen2.5:7b,incident_d5_monitor,d5_monitoring_incidents_01,8,Document addresses d5_monitoring_incidents_01.,"ffected sessions
3. Post-incident review template IR-AI-2025

## Escalati",high,,,,,,,,,,,,,,,,
run,qwen2.5:7b,incident_d5_monitor,d5_monitoring_incidents_01,9,Document addresses d5_monitoring_incidents_01.,"ffected sessions
3. Post-incident review template IR-AI-2025

## Escalati",high,,,,,,,,,,,,,,,,
run,qwen2.5:7b,incident_d5_monitor,d5_monitoring_incidents_01,10,Document addresses d5_monitoring_incidents_01. [stability variant 4],"ffected sessions
3. Post-incident review template IR-AI-2025

## Escalati (run 1)",high,,,,,,,,,,,,,,,,
run,qwen2.5:7b,incident_d5_monitor,d5_monitoring_incidents_01,11,Document addresses d5_monitoring_incidents_01. [stability variant 1],"ffected sessions
3. Post-incident review template IR-AI-2025

## Escalati",low,,,,,,,,,,,,,,,,
run,qwen2.5:7b,incident_d5_monitor,d5_monitoring_incidents_01,12,Document addresses d5_monitoring_incidents_01.,"ffected sessions
3. Post-incident review template IR-AI-2025

## Escalati",high,,,,,,,,,,,,,,,,
run,qwen2.5:7b,incident_d5_monitor,d5_monitoring_incidents_01,13,Document addresses d5_monitoring_incidents_01.,"ffected sessions
3. Post-incident review template IR-AI-2025

## Escalati",high,,,,,,,,,,,,,,,,
run,qwen2.5:7b,incident_d5_monitor,d5_monitoring_incidents_01,14,Document addresses d5_monitoring_incidents_01.,"ffected sessions
3. Post-incident review template IR-AI-2025

## Escalati",high,,,,,,,,,,,,,,,,
run,qwen2.5:7b,incident_d5_monitor,d5_monitoring_incidents_01,15,Document addresses d5_monitoring_incidents_01.,"ffected sessions
3. Post-incident review template IR-AI-2025

## Escalati",high,,,,,,,,,,,,,,,,
run,qwen2.5:7b,incident_d5_monitor,d5_monitoring_incidents_01,16,Document addresses d5_monitoring_incidents_01.,"ffected sessions
3. Post-incident review template IR-AI-2025

## Escalati",high,,,,,,,,,,,,,,,,
run,qwen2.5:7b,incident_d5_monitor,d5_monitoring_incidents_01,17,Document addresses d5_monitoring_incidents_01.,"ffected sessions
3. Post-incident review template IR-AI-2025

## Escalati",high,,,,,,,,,,,,,,,,
run,qwen2.5:7b,incident_d5_monitor,d5_monitoring_incidents_01,18,Document addresses d5_monitoring_incidents_01.,"ffected sessions
3. Post-incident review template IR-AI-2025

## Escalati",high,,,,,,,,,,,,,,,,
run,qwen2.5:7b,incident_d5_monitor,d5_monitoring_incidents_01,19,Document addresses d5_monitoring_incidents_01.,"ffected sessions
3. Post-incident review template IR-AI-2025

## Escalati",high,,,,,,,,,,,,,,,,
run,qwen2.5:7b,incident_d4_miss,d4_minimization_01,0,No explicit evidence identified.,,medium,,,,,,,,,,,,,,,,
run,qwen2.5:7b,incident_d4_miss,d4_minimization_01,1,No explicit evidence identified.,,low,,,,,,,,,,,,,,,,
run,qwen2.5:7b,incident_d4_miss,d4_minimization_01,2,No explicit evidence identified.,,low,,,,,,,,,,,,,,,,
run,qwen2.5:7b,incident_d4_miss,d4_minimization_01,3,No explicit evidence identified.,,low,,,,,,,,,,,,,,,,
run,qwen2.5:7b,incident_d4_miss,d4_minimization_01,4,No explicit evidence identified.,,low,,,,,,,,,,,,,,,,
run,qwen2.5:7b,incident_d4_miss,d4_minimization_01,5,No explicit evidence identified.,,low,,,,,,,,,,,,,,,,
run,qwen2.5:7b,incident_d4_miss,d4_minimization_01,6,No explicit evidence identified. [stability variant 3],synthetic variant 3,low,,,,,,,,,,,,,,,,
run,qwen2.5:7b,incident_d4_miss,d4_minimization_01,7,No explicit evidence identified.,,low,,,,,,,,,,,,,,,,
run,qwen2.5:7b,incident_d4_miss,d4_minimization_01,8,No explicit evidence identified.,,low,,,,,,,,,,,,,,,,
run,qwen2.5:7b,incident_d4_miss,d4_minimization_01,9,No explicit evidence identified.,,low,,,,,,,,,,,,,,,,
run,qwen2.5:7b,incident_d4_miss,d4_minimization_01,10,No explicit evidence identified.,,low,,,,,,,,,,,,,,,,
run,qwen2.5:7b,incident_d4_miss,d4_minimization_01,11,No explicit evidence identified.,,medium,,,,,,,,,,,,,,,,
run,qwen2.5:7b,incident_d4_miss,d4_minimization_01,12,No explicit evidence identified.,,low,,,,,,,,,,,,,,,,
run,qwen2.5:7b,incident_d4_miss,d4_minimization_01,13,No explicit evidence identified.,,low,,,,,,,,,,,,,,,,
run,qwen2.5:7b,incident_d4_miss,d4_minimization_01,14,No explicit evidence identified.,,low,,,,,,,,,,,,,,,,
run,qwen2.5:7b,incident_d4_miss,d4_minimization_01,15,No explicit evidence identified.,,low,,,,,,,,,,,,,,,,
run,qwen2.5:7b,incident_d4_miss,d4_minimization_01,16,No explicit evidence identified.,,low,,,,,,,,,,,,,,,,
run,qwen2.5:7b,incident_d4_miss,d4_minimization_01,17,No explicit evidence identified. [stability variant 2],synthetic variant 2,high,,,,,,,,,,,,,,,,
run,qwen2.5:7b,incident_d4_miss,d4_minimization_01,18,No explicit evidence identified.,,low,,,,,,,,,,,,,,,,
run,qwen2.5:7b,incident_d4_miss,d4_minimization_01,19,No explicit evidence identified.,,low,,,,,,,,,,,,,,,,
run,qwen2.5:7b,data_gov_d4_lawful,d4_lawfulness_01,0,Document addresses d4_lawfulness_01.,"Synthetic Demo)

## Lawful basis

Public task and legal obligation docum",medium,,,,,,,,,,,,,,,,
run,qwen2.5:7b,data_gov_d4_lawful,d4_lawfulness_01,1,Document addresses d4_lawfulness_01.,"Synthetic Demo)

## Lawful basis

Public task and legal obligation docum",high,,,,,,,,,,,,,,,,
run,qwen2.5:7b,data_gov_d4_lawful,d4_lawfulness_01,2,Document addresses d4_lawfulness_01.,"Synthetic Demo)

## Lawful basis

Public task and legal obligation docum",high,,,,,,,,,,,,,,,,
run,qwen2.5:7b,data_gov_d4_lawful,d4_lawfulness_01,3,Document addresses d4_lawfulness_01.,"Synthetic Demo)

## Lawful basis

Public task and legal obligation docum",high,,,,,,,,,,,,,,,,
run,qwen2.5:7b,data_gov_d4_lawful,d4_lawfulness_01,4,Document addresses d4_lawfulness_01.,"Synthetic Demo)

## Lawful basis

Public task and legal obligation docum",high,,,,,,,,,,,,,,,,
run,qwen2.5:7b,data_gov_d4_lawful,d4_lawfulness_01,5,Document addresses d4_lawfulness_01.,"Synthetic Demo)

## Lawful basis

Public task and legal obligation docum",medium,,,,,,,,,,,,,,,,
run,qwen2.5:7b,data_gov_d4_lawful,d4_lawfulness_01,6,Document addresses d4_lawfulness_01. [stability variant 1],"Synthetic Demo)

## Lawful basis

Public task and legal obligation docum",high,,,,,,,,,,,,,,,,
run,qwen2.5:7b,data_gov_d4_lawful,d4_lawfulness_01,7,Document addresses d4_lawfulness_01.,"Synthetic Demo)

## Lawful basis

Public task and legal obligation docum",high,,,,,,,,,,,,,,,,
run,qwen2.5:7b,data_gov_d4_lawful,d4_lawfulness_01,8,Document addresses d4_lawfulness_01.,"Synthetic Demo)

## Lawful basis

Public task and legal obligation docum",high,,,,,,,,,,,,,,,,
run,qwen2.5:7b,data_gov_d4_lawful,d4_lawfulness_01,9,Document addresses d4_lawfulness_01.,"Synthetic Demo)

## Lawful basis

Public task and legal obligation docum",high,,,,,,,,,,,,,,,,
run,qwen2.5:7b,data_gov_d4_lawful,d4_lawfulness_01,10,Document addresses d4_lawfulness_01.,"Synthetic Demo)

## Lawful basis

Public task and legal obligation docum",high,,,,,,,,,,,,,,,,
run,qwen2.5:7b,data_gov_d4_lawful,d4_lawfulness_01,11,Document addresses d4_lawfulness_01.,"Synthetic Demo)

## Lawful basis

Public task and legal obligation docum",high,,,,,,,,,,,,,,,,
run,qwen2.5:7b,data_gov_d4_lawful,d4_lawfulness_01,12,Document addresses d4_lawfulness_01.,"Synthetic Demo)

## Lawful basis

Public task and legal obligation docum",high,,,,,,,,,,,,,,,,
run,qwen2.5:7b,data_gov_d4_lawful,d4_lawfulness_01,13,Document addresses d4_lawfulness_01.,"Synthetic Demo)

## Lawful basis

Public task and legal obligation docum",high,,,,,,,,,,,,,,,,
run,qwen2.5:7b,data_gov_d4_lawful,d4_lawfulness_01,14,Document addresses d4_lawfulness_01.,"Synthetic Demo)

## Lawful basis

Public task and legal obligation docum",high,,,,,,,,,,,,,,,,
run,qwen2.5:7b,data_gov_d4_lawful,d4_lawfulness_01,15,Document addresses d4_lawfulness_01.,"Synthetic Demo)

## Lawful basis

Public task and legal obligation docum",high,,,,,,,,,,,,,,,,
run,qwen2.5:7b,data_gov_d4_lawful,d4_lawfulness_01,16,Document addresses d4_lawfulness_01.,"Synthetic Demo)

## Lawful basis

Public task and legal obligation docum",high,,,,,,,,,,,,,,,,
run,qwen2.5:7b,data_gov_d4_lawful,d4_lawfulness_01,17,Document addresses d4_lawfulness_01.,"Synthetic Demo)

## Lawful basis

Public task and legal obligation docum",high,,,,,,,,,,,,,,,,
run,qwen2.5:7b,data_gov_d4_lawful,d4_lawfulness_01,18,Document addresses d4_lawfulness_01.,"Synthetic Demo)

## Lawful basis

Public task and legal obligation docum",high,,,,,,,,,,,,,,,,
run,qwen2.5:7b,data_gov_d4_lawful,d4_lawfulness_01,19,Document addresses d4_lawfulness_01. [stability variant 1],"Synthetic Demo)

## Lawful basis

Public task and legal obligation docum",medium,,,,,,,,,,,,,,,,
run,qwen2.5:7b,data_gov_d3_miss,d3_external_transparency_01,0,No explicit evidence identified.,,low,,,,,,,,,,,,,,,,
run,qwen2.5:7b,data_gov_d3_miss,d3_external_transparency_01,1,No explicit evidence identified. [stability variant 2],synthetic variant 2,high,,,,,,,,,,,,,,,,
run,qwen2.5:7b,data_gov_d3_miss,d3_external_transparency_01,2,No explicit evidence identified.,,low,,,,,,,,,,,,,,,,
run,qwen2.5:7b,data_gov_d3_miss,d3_external_transparency_01,3,No explicit evidence identified. [stability variant 1],synthetic variant 1,high,,,,,,,,,,,,,,,,
run,qwen2.5:7b,data_gov_d3_miss,d3_external_transparency_01,4,No explicit evidence identified. [stability variant 1],synthetic variant 1,high,,,,,,,,,,,,,,,,
run,qwen2.5:7b,data_gov_d3_miss,d3_external_transparency_01,5,No explicit evidence identified.,,low,,,,,,,,,,,,,,,,
run,qwen2.5:7b,data_gov_d3_miss,d3_external_transparency_01,6,No explicit evidence identified. [stability variant 1],synthetic variant 1,low,,,,,,,,,,,,,,,,
run,qwen2.5:7b,data_gov_d3_miss,d3_external_transparency_01,7,No explicit evidence identified.,,low,,,,,,,,,,,,,,,,
run,qwen2.5:7b,data_gov_d3_miss,d3_external_transparency_01,8,No explicit evidence identified.,,low,,,,,,,,,,,,,,,,
run,qwen2.5:7b,data_gov_d3_miss,d3_external_transparency_01,9,No explicit evidence identified. [stability variant 4],synthetic variant 4,high,,,,,,,,,,,,,,,,
run,qwen2.5:7b,data_gov_d3_miss,d3_external_transparency_01,10,No explicit evidence identified.,,low,,,,,,,,,,,,,,,,
run,qwen2.5:7b,data_gov_d3_miss,d3_external_transparency_01,11,No explicit evidence identified. [stability variant 3],synthetic variant 3,medium,,,,,,,,,,,,,,,,
run,qwen2.5:7b,data_gov_d3_miss,d3_external_transparency_01,12,No explicit evidence identified.,,low,,,,,,,,,,,,,,,,
run,qwen2.5:7b,data_gov_d3_miss,d3_external_transparency_01,13,No explicit evidence identified.,,low,,,,,,,,,,,,,,,,
run,qwen2.5:7b,data_gov_d3_miss,d3_external_transparency_01,14,No explicit evidence identified.,,low,,,,,,,,,,,,,,,,
run,qwen2.5:7b,data_gov_d3_miss,d3_external_transparency_01,15,No explicit evidence identified.,,low,,,,,,,,,,,,,,,,
run,qwen2.5:7b,data_gov_d3_miss,d3_external_transparency_01,16,No explicit evidence identified.,,low,,,,,,,,,,,,,,,,
run,qwen2.5:7b,data_gov_d3_miss,d3_external_transparency_01,17,No explicit evidence identified.,,low,,,,,,,,,,,,,,,,
run,qwen2.5:7b,data_gov_d3_miss,d3_external_transparency_01,18,No explicit evidence identified.,,low,,,,,,,,,,,,,,,,
run,qwen2.5:7b,data_gov_d3_miss,d3_external_transparency_01,19,No explicit evidence identified.,,low,,,,,,,,,,,,,,,,
run,qwen2.5:7b,demo_gov_d1_mandate,d1_mandate_01,0,Document addresses d1_mandate_01. [stability variant 3],"viewed by a **named policy officer** before external use.

## Accountabili (run 0)",low,,,,,,,,,,,,,,,,
run,qwen2.5:7b,demo_gov_d1_mandate,d1_mandate_01,1,Document addresses d1_mandate_01.,"viewed by a **named policy officer** before external use.

## Accountabili",high,,,,,,,,,,,,,,,,
run,qwen2.5:7b,demo_gov_d1_mandate,d1_mandate_01,2,Document addresses d1_mandate_01.,"viewed by a **named policy officer** before external use.

## Accountabili",high,,,,,,,,,,,,,,,,
run,qwen2.5:7b,demo_gov_d1_mandate,d1_mandate_01,3,Document addresses d1_mandate_01.,"viewed by a **named policy officer** before external use.

## Accountabili",high,,,,,,,,,,,,,,,,
run,qwen2.5:7b,demo_gov_d1_mandate,d1_mandate_01,4,Document addresses d1_mandate_01. [stability variant 4],"viewed by a **named policy officer** before external use.

## Accountabili (run 1)",low,,,,,,,,,,,,,,,,
run,qwen2.5:7b,demo_gov_d1_mandate,d1_mandate_01,5,Document addresses d1_mandate_01.,"viewed by a **named policy officer** before external use.

## Accountabili",high,,,,,,,,,,,,,,,,
run,qwen2.5:7b,demo_gov_d1_mandate,d1_mandate_01,6,Document addresses d1_mandate_01.,"viewed by a **named policy officer** before external use.

## Accountabili",high,,,,,,,,,,,,,,,,
run,qwen2.5:7b,demo_gov_d1_mandate,d1_mandate_01,7,Document addresses d1_mandate_01. [stability variant 3],"viewed by a **named policy officer** before external use.

## Accountabili (run 1)",low,,,,,,,,,,,,,,,,
run,qwen2.5:7b,demo_gov_d1_mandate,d1_mandate_01,8,Document addresses d1_mandate_01.,"viewed by a **named policy officer** before external use.

## Accountabili",high,,,,,,,,,,,,,,,,
run,qwen2.5:7b,demo_gov_d1_mandate,d1_mandate_01,9,Document addresses d1_mandate_01.,"viewed by a **named policy officer** before external use.

## Accountabili",high,,,,,,,,,,,,,,,,
run,qwen2.5:7b,demo_gov_d1_mandate,d1_mandate_01,10,Document addresses d1_mandate_01.,"viewed by a **named policy officer** before external use.

## Accountabili",high,,,,,,,,,,,,,,,,
run,qwen2.5:7b,demo_gov_d1_mandate,d1_mandate_01,11,Document addresses d1_mandate_01.,"viewed by a **named policy officer** before external use.

## Accountabili",high,,,,,,,,,,,,,,,,
run,qwen2.5:7b,demo_gov_d1_mandate,d1_mandate_01,12,Document addresses d1_mandate_01. [stability variant 1],"viewed by a **named policy officer** before external use.

## Accountabili",high,,,,,,,,,,,,,,,,
run,qwen2.5:7b,demo_gov_d1_mandate,d1_mandate_01,13,Document addresses d1_mandate_01. [stability variant 1],"viewed by a **named policy officer** before external use.

## Accountabili",high,,,,,,,,,,,,,,,,
run,qwen2.5:7b,demo_gov_d1_mandate,d1_mandate_01,14,Document addresses d1_mandate_01.,"viewed by a **named policy officer** before external use.

## Accountabili",high,,,,,,,,,,,,,,,,
run,qwen2.5:7b,demo_gov_d1_mandate,d1_mandate_01,15,Document addresses d1_mandate_01.,"viewed by a **named policy officer** before external use.

## Accountabili",high,,,,,,,,,,,,,,,,
run,qwen2.5:7b,demo_gov_d1_mandate,d1_mandate_01,16,Document addresses d1_mandate_01. [stability variant 4],"viewed by a **named policy officer** before external use.

## Accountabili (run 1)",low,,,,,,,,,,,,,,,,
run,qwen2.5:7b,demo_gov_d1_mandate,d1_mandate_01,17,Document addresses d1_mandate_01. [stability variant 2],"viewed by a **named policy officer** before external use.

## Accountabili (run 2)",low,,,,,,,,,,,,,,,,
run,qwen2.5:7b,demo_gov_d1_mandate,d1_mandate_01,18,Document addresses d1_mandate_01.,"viewed by a **named policy officer** before external use.

## Accountabili",low,,,,,,,,,,,,,,,,
run,qwen2.5:7b,demo_gov_d1_mandate,d1_mandate_01,19,Document addresses d1_mandate_01.,"viewed by a **named policy officer** before external use.

## Accountabili",high,,,,,,,,,,,,,,,,
run,qwen2.5:7b,demo_gov_d2_trace,d2_traceability_01,0,Document addresses d2_traceability_01. [stability variant 2],"s
- Supervisors may override model outputs; overrides logged in case (run 0)",low,,,,,,,,,,,,,,,,
run,qwen2.5:7b,demo_gov_d2_trace,d2_traceability_01,1,Document addresses d2_traceability_01.,"s
- Supervisors may override model outputs; overrides logged in case",high,,,,,,,,,,,,,,,,
run,qwen2.5:7b,demo_gov_d2_trace,d2_traceability_01,2,Document addresses d2_traceability_01.,"s
- Supervisors may override model outputs; overrides logged in case",high,,,,,,,,,,,,,,,,
run,qwen2.5:7b,demo_gov_d2_trace,d2_traceability_01,3,Document addresses d2_traceability_01.,"s
- Supervisors may override model outputs; overrides logged in case",high,,,,,,,,,,,,,,,,
run,qwen2.5:7b,demo_gov_d2_trace,d2_traceability_01,4,Document addresses d2_traceability_01.,"s
- Supervisors may override model outputs; overrides logged in case",high,,,,,,,,,,,,,,,,
run,qwen2.5:7b,demo_gov_d2_trace,d2_traceability_01,5,Document addresses d2_traceability_01.,"s
- Supervisors may override model outputs; overrides logged in case",high,,,,,,,,,,,,,,,,
run,qwen2.5:7b,demo_gov_d2_trace,d2_traceability_01,6,Document addresses d2_traceability_01.,"s
- Supervisors may override model outputs; overrides logged in case",high,,,,,,,,,,,,,,,,
run,qwen2.5:7b,demo_gov_d2_trace,d2_traceability_01,7,Document addresses d2_traceability_01.,"s
- Supervisors may override model outputs; overrides logged in case",high,,,,,,,,,,,,,,,,
run,qwen2.5:7b,demo_gov_d2_trace,d2_traceability_01,8,Document addresses d2_traceability_01.,"s
- Supervisors may override model outputs; overrides logged in case",high,,,,,,,,,,,,,,,,
run,qwen2.5:7b,demo_gov_d2_trace,d2_traceability_01,9,Document addresses d2_traceability_01.,"s
- Supervisors may override model outputs; overrides logged in case",high,,,,,,,,,,,,,,,,
run,qwen2.5:7b,demo_gov_d2_trace,d2_traceability_01,10,Document addresses d2_traceability_01.,"s
- Supervisors may override model outputs; overrides logged in case",high,,,,,,,,,,,,,,,,
run,qwen2.5:7b,demo_gov_d2_trace,d2_traceability_01,11,Document addresses d2_traceability_01.,"s
- Supervisors may override model outputs; overrides logged in case",high,,,,,,,,,,,,,,,,
run,qwen2.5:7b,demo_gov_d2_trace,d2_traceability_01,12,Document addresses d2_traceability_01.,"s
- Supervisors may override model outputs; overrides logged in case",high,,,,,,,,,,,,,,,,
run,qwen2.5:7b,demo_gov_d2_trace,d2_traceability_01,13,Document addresses d2_traceability_01. [stability variant 3],"s
- Supervisors may override model outputs; overrides logged in case (run 1)",medium,,,,,,,,,,,,,,,,
run,qwen2.5:7b,demo_gov_d2_trace,d2_traceability_01,14,Document addresses d2_traceability_01.,"s
- Supervisors may override model outputs; overrides logged in case",high,,,,,,,,,,,,,,,,
run,qwen2.5:7b,demo_gov_d2_trace,d2_traceability_01,15,Document addresses d2_traceability_01.,"s
- Supervisors may override model outputs; overrides logged in case",high,,,,,,,,,,,,,,,,
run,qwen2.5:7b,demo_gov_d2_trace,d2_traceability_01,16,Document addresses d2_traceability_01.,"s
- Supervisors may override model outputs; overrides logged in case",high,,,,,,,,,,,,,,,,
run,qwen2.5:7b,demo_gov_d2_trace,d2_traceability_01,17,Document addresses d2_traceability_01.,"s
- Supervisors may override model outputs; overrides logged in case",high,,,,,,,,,,,,,,,,
run,qwen2.5:7b,demo_gov_d2_trace,d2_traceability_01,18,Document addresses d2_traceability_01.,"s
- Supervisors may override model outputs; overrides logged in case",high,,,,,,,,,,,,,,,,
run,qwen2.5:7b,demo_gov_d2_trace,d2_traceability_01,19,Document addresses d2_traceability_01.,"s
- Supervisors may override model outputs; overrides logged in case",high,,,,,,,,,,,,,,,,
run,qwen2.5:7b,gov_sample_d1_accountability,d1_accountability_01,0,Document addresses d1_accountability_01.,"with the designated service owner.""* Sampling of 10% of weekly outputs
is",low,,,,,,,,,,,,,,,,
run,qwen2.5:7b,gov_sample_d1_accountability,d1_accountability_01,1,Document addresses d1_accountability_01.,"with the designated service owner.""* Sampling of 10% of weekly outputs
is",high,,,,,,,,,,,,,,,,
run,qwen2.5:7b,gov_sample_d1_accountability,d1_accountability_01,2,Document addresses d1_accountability_01.,"with the designated service owner.""* Sampling of 10% of weekly outputs
is",high,,,,,,,,,,,,,,,,
run,qwen2.5:7b,gov_sample_d1_accountability,d1_accountability_01,3,Document addresses d1_accountability_01.,"with the designated service owner.""* Sampling of 10% of weekly outputs
is",high,,,,,,,,,,,,,,,,
run,qwen2.5:7b,gov_sample_d1_accountability,d1_accountability_01,4,Document addresses d1_accountability_01.,"with the designated service owner.""* Sampling of 10% of weekly outputs
is",high,,,,,,,,,,,,,,,,
run,qwen2.5:7b,gov_sample_d1_accountability,d1_accountability_01,5,Document addresses d1_accountability_01.,"with the designated service owner.""* Sampling of 10% of weekly outputs
is",high,,,,,,,,,,,,,,,,
run,qwen2.5:7b,gov_sample_d1_accountability,d1_accountability_01,6,Document addresses d1_accountability_01.,"with the designated service owner.""* Sampling of 10% of weekly outputs
is",high,,,,,,,,,,,,,,,,
run,qwen2.5:7b,gov_sample_d1_accountability,d1_accountability_01,7,Document addresses d1_accountability_01.,"with the designated service owner.""* Sampling of 10% of weekly outputs
is",high,,,,,,,,,,,,,,,,
run,qwen2.5:7b,gov_sample_d1_accountability,d1_accountability_01,8,Document addresses d1_accountability_01.,"with the designated service owner.""* Sampling of 10% of weekly outputs
is",high,,,,,,,,,,,,,,,,
run,qwen2.5:7b,gov_sample_d1_accountability,d1_accountability_01,9,Document addresses d1_accountability_01.,"with the designated service owner.""* Sampling of 10% of weekly outputs
is",high,,,,,,,,,,,,,,,,
run,qwen2.5:7b,gov_sample_d1_accountability,d1_accountability_01,10,Document addresses d1_accountability_01.,"with the designated service owner.""* Sampling of 10% of weekly outputs
is",high,,,,,,,,,,,,,,,,
run,qwen2.5:7b,gov_sample_d1_accountability,d1_accountability_01,11,Document addresses d1_accountability_01.,"with the designated service owner.""* Sampling of 10% of weekly outputs
is",low,,,,,,,,,,,,,,,,
run,qwen2.5:7b,gov_sample_d1_accountability,d1_accountability_01,12,Document addresses d1_accountability_01.,"with the designated service owner.""* Sampling of 10% of weekly outputs
is",high,,,,,,,,,,,,,,,,
run,qwen2.5:7b,gov_sample_d1_accountability,d1_accountability_01,13,Document addresses d1_accountability_01.,"with the designated service owner.""* Sampling of 10% of weekly outputs
is",high,,,,,,,,,,,,,,,,
run,qwen2.5:7b,gov_sample_d1_accountability,d1_accountability_01,14,Document addresses d1_accountability_01.,"with the designated service owner.""* Sampling of 10% of weekly outputs
is",high,,,,,,,,,,,,,,,,
run,qwen2.5:7b,gov_sample_d1_accountability,d1_accountability_01,15,Document addresses d1_accountability_01.,"with the designated service owner.""* Sampling of 10% of weekly outputs
is",high,,,,,,,,,,,,,,,,
run,qwen2.5:7b,gov_sample_d1_accountability,d1_accountability_01,16,Document addresses d1_accountability_01. [stability variant 1],"with the designated service owner.""* Sampling of 10% of weekly outputs
is",medium,,,,,,,,,,,,,,,,
run,qwen2.5:7b,gov_sample_d1_accountability,d1_accountability_01,17,Document addresses d1_accountability_01.,"with the designated service owner.""* Sampling of 10% of weekly outputs
is",high,,,,,,,,,,,,,,,,
run,qwen2.5:7b,gov_sample_d1_accountability,d1_accountability_01,18,Document addresses d1_accountability_01.,"with the designated service owner.""* Sampling of 10% of weekly outputs
is",high,,,,,,,,,,,,,,,,
run,qwen2.5:7b,gov_sample_d1_accountability,d1_accountability_01,19,Document addresses d1_accountability_01.,"with the designated service owner.""* Sampling of 10% of weekly outputs
is",high,,,,,,,,,,,,,,,,
run,mistral:7b,gov_sample_d2_oversight,d2_oversight_design_01,0,Document addresses d2_oversight_design_01.,reviewed by a named policy officer. Review triggers include references to,high,,,,,,,,,,,,,,,,
run,mistral:7b,gov_sample_d2_oversight,d2_oversight_design_01,1,Document addresses d2_oversight_design_01. [stability variant 2],reviewed by a named policy officer. Review triggers include references to (run 1),low,,,,,,,,,,,,,,,,
run,mistral:7b,gov_sample_d2_oversight,d2_oversight_design_01,2,Document addresses d2_oversight_design_01.,reviewed by a named policy officer. Review triggers include references to,high,,,,,,,,,,,,,,,,
run,mistral:7b,gov_sample_d2_oversight,d2_oversight_design_01,3,Document addresses d2_oversight_design_01.,reviewed by a named policy officer. Review triggers include references to,high,,,,,,,,,,,,,,,,
run,mistral:7b,gov_sample_d2_oversight,d2_oversight_design_01,4,Document addresses d2_oversight_design_01.,reviewed by a named policy officer. Review triggers include references to,high,,,,,,,,,,,,,,,,
run,mistral:7b,gov_sample_d2_oversight,d2_oversight_design_01,5,Document addresses d2_oversight_design_01. [stability variant 2],reviewed by a named policy officer. Review triggers include references to (run 2),high,,,,,,,,,,,,,,,,
run,mistral:7b,gov_sample_d2_oversight,d2_oversight_design_01,6,Document addresses d2_oversight_design_01.,reviewed by a named policy officer. Review triggers include references to,high,,,,,,,,,,,,,,,,
run,mistral:7b,gov_sample_d2_oversight,d2_oversight_design_01,7,Document addresses d2_oversight_design_01.,reviewed by a named policy officer. Review triggers include references to,high,,,,,,,,,,,,,,,,
run,mistral:7b,gov_sample_d2_oversight,d2_oversight_design_01,8,Document addresses d2_oversight_design_01. [stability variant 2],reviewed by a named policy officer. Review triggers include references to (run 2),medium,,,,,,,,,,,,,,,,
run,mistral:7b,gov_sample_d2_oversight,d2_oversight_design_01,9,Document addresses d2_oversight_design_01.,reviewed by a named policy officer. Review triggers include references to,high,,,,,,,,,,,,,,,,
run,mistral:7b,gov_sample_d2_oversight,d2_oversight_design_01,10,Document addresses d2_oversight_design_01.,reviewed by a named policy officer. Review triggers include references to,high,,,,,,,,,,,,,,,,
run,mistral:7b,gov_sample_d2_oversight,d2_oversight_design_01,11,Document addresses d2_oversight_design_01.,reviewed by a named policy officer. Review triggers include references to,high,,,,,,,,,,,,,,,,
run,mistral:7b,gov_sample_d2_oversight,d2_oversight_design_01,12,Document addresses d2_oversight_design_01. [stability variant 3],reviewed by a named policy officer. Review triggers include references to (run 0),medium,,,,,,,,,,,,,,,,
run,mistral:7b,gov_sample_d2_oversight,d2_oversight_design_01,13,Document addresses d2_oversight_design_01.,reviewed by a named policy officer. Review triggers include references to,high,,,,,,,,,,,,,,,,
run,mistral:7b,gov_sample_d2_oversight,d2_oversight_design_01,14,Document addresses d2_oversight_design_01. [stability variant 3],reviewed by a named policy officer. Review triggers include references to (run 2),medium,,,,,,,,,,,,,,,,
run,mistral:7b,gov_sample_d2_oversight,d2_oversight_design_01,15,Document addresses d2_oversight_design_01.,reviewed by a named policy officer. Review triggers include references to,high,,,,,,,,,,,,,,,,
run,mistral:7b,gov_sample_d2_oversight,d2_oversight_design_01,16,Document addresses d2_oversight_design_01.,reviewed by a named policy officer. Review triggers include references to,high,,,,,,,,,,,,,,,,
run,mistral:7b,gov_sample_d2_oversight,d2_oversight_design_01,17,Document addresses d2_oversight_design_01.,reviewed by a named policy officer. Review triggers include references to,high,,,,,,,,,,,,,,,,
run,mistral:7b,gov_sample_d2_oversight,d2_oversight_design_01,18,Document addresses d2_oversight_design_01.,reviewed by a named policy officer. Review triggers include references to,high,,,,,,,,,,,,,,,,
run,mistral:7b,gov_sample_d2_oversight,d2_oversight_design_01,19,Document addresses d2_oversight_design_01.,reviewed by a named policy officer. Review triggers include references to,high,,,,,,,,,,,,,,,,
run,mistral:7b,gov_sample_d4_sovereignty,d4_data_sovereignty_01,0,Document addresses d4_data_sovereignty_01.,rence stack runs on borough-owned hardware in the EU. Egress to external,high,,,,,,,,,,,,,,,,
run,mistral:7b,gov_sample_d4_sovereignty,d4_data_sovereignty_01,1,Document addresses d4_data_sovereignty_01.,rence stack runs on borough-owned hardware in the EU. Egress to external,high,,,,,,,,,,,,,,,,
run,mistral:7b,gov_sample_d4_sovereignty,d4_data_sovereignty_01,2,Document addresses d4_data_sovereignty_01. [stability variant 4],rence stack runs on borough-owned hardware in the EU. Egress to external (run 2),low,,,,,,,,,,,,,,,,
run,mistral:7b,gov_sample_d4_sovereignty,d4_data_sovereignty_01,3,Document addresses d4_data_sovereignty_01.,rence stack runs on borough-owned hardware in the EU. Egress to external,high,,,,,,,,,,,,,,,,
run,mistral:7b,gov_sample_d4_sovereignty,d4_data_sovereignty_01,4,Document addresses d4_data_sovereignty_01. [stability variant 4],rence stack runs on borough-owned hardware in the EU. Egress to external (run 1),medium,,,,,,,,,,,,,,,,
run,mistral:7b,gov_sample_d4_sovereignty,d4_data_sovereignty_01,5,Document addresses d4_data_sovereignty_01.,rence stack runs on borough-owned hardware in the EU. Egress to external,high,,,,,,,,,,,,,,,,
run,mistral:7b,gov_sample_d4_sovereignty,d4_data_sovereignty_01,6,Document addresses d4_data_sovereignty_01.,rence stack runs on borough-owned hardware in the EU. Egress to external,high,,,,,,,,,,,,,,,,
run,mistral:7b,gov_sample_d4_sovereignty,d4_data_sovereignty_01,7,Document addresses d4_data_sovereignty_01. [stability variant 2],rence stack runs on borough-owned hardware in the EU. Egress to external (run 1),high,,,,,,,,,,,,,,,,
run,mistral:7b,gov_sample_d4_sovereignty,d4_data_sovereignty_01,8,Document addresses d4_data_sovereignty_01.,rence stack runs on borough-owned hardware in the EU. Egress to external,high,,,,,,,,,,,,,,,,
run,mistral:7b,gov_sample_d4_sovereignty,d4_data_sovereignty_01,9,Document addresses d4_data_sovereignty_01.,rence stack runs on borough-owned hardware in the EU. Egress to external,high,,,,,,,,,,,,,,,,
run,mistral:7b,gov_sample_d4_sovereignty,d4_data_sovereignty_01,10,Document addresses d4_data_sovereignty_01.,rence stack runs on borough-owned hardware in the EU. Egress to external,high,,,,,,,,,,,,,,,,
run,mistral:7b,gov_sample_d4_sovereignty,d4_data_sovereignty_01,11,Document addresses d4_data_sovereignty_01.,rence stack runs on borough-owned hardware in the EU. Egress to external,high,,,,,,,,,,,,,,,,
run,mistral:7b,gov_sample_d4_sovereignty,d4_data_sovereignty_01,12,Document addresses d4_data_sovereignty_01.,rence stack runs on borough-owned hardware in the EU. Egress to external,high,,,,,,,,,,,,,,,,
run,mistral:7b,gov_sample_d4_sovereignty,d4_data_sovereignty_01,13,Document addresses d4_data_sovereignty_01.,rence stack runs on borough-owned hardware in the EU. Egress to external,high,,,,,,,,,,,,,,,,
run,mistral:7b,gov_sample_d4_sovereignty,d4_data_sovereignty_01,14,Document addresses d4_data_sovereignty_01. [stability variant 2],rence stack runs on borough-owned hardware in the EU. Egress to external (run 2),high,,,,,,,,,,,,,,,,
run,mistral:7b,gov_sample_d4_sovereignty,d4_data_sovereignty_01,15,Document addresses d4_data_sovereignty_01.,rence stack runs on borough-owned hardware in the EU. Egress to external,high,,,,,,,,,,,,,,,,
run,mistral:7b,gov_sample_d4_sovereignty,d4_data_sovereignty_01,16,Document addresses d4_data_sovereignty_01. [stability variant 1],rence stack runs on borough-owned hardware in the EU. Egress to external,medium,,,,,,,,,,,,,,,,
run,mistral:7b,gov_sample_d4_sovereignty,d4_data_sovereignty_01,17,Document addresses d4_data_sovereignty_01.,rence stack runs on borough-owned hardware in the EU. Egress to external,high,,,,,,,,,,,,,,,,
run,mistral:7b,gov_sample_d4_sovereignty,d4_data_sovereignty_01,18,Document addresses d4_data_sovereignty_01.,rence stack runs on borough-owned hardware in the EU. Egress to external,high,,,,,,,,,,,,,,,,
run,mistral:7b,gov_sample_d4_sovereignty,d4_data_sovereignty_01,19,Document addresses d4_data_sovereignty_01.,rence stack runs on borough-owned hardware in the EU. Egress to external,high,,,,,,,,,,,,,,,,
run,mistral:7b,gov_sample_d6_vendor,d6_vendor_independence_01,0,Fabricated governance control cited.,This sentence does not appear in the municipal document.,medium,,,,,,,,,,,,,,,,
run,mistral:7b,gov_sample_d6_vendor,d6_vendor_independence_01,1,Fabricated governance control cited.,This sentence does not appear in the municipal document.,medium,,,,,,,,,,,,,,,,
run,mistral:7b,gov_sample_d6_vendor,d6_vendor_independence_01,2,Fabricated governance control cited. [stability variant 4],This sentence does not appear in the municipal document. (run 2),low,,,,,,,,,,,,,,,,
run,mistral:7b,gov_sample_d6_vendor,d6_vendor_independence_01,3,Fabricated governance control cited. [stability variant 1],This sentence does not appear in the municipal document.,low,,,,,,,,,,,,,,,,
run,mistral:7b,gov_sample_d6_vendor,d6_vendor_independence_01,4,Fabricated governance control cited. [stability variant 3],This sentence does not appear in the municipal document. (run 1),medium,,,,,,,,,,,,,,,,
run,mistral:7b,gov_sample_d6_vendor,d6_vendor_independence_01,5,Fabricated governance control cited. [stability variant 2],This sentence does not appear in the municipal document. (run 2),high,,,,,,,,,,,,,,,,
run,mistral:7b,gov_sample_d6_vendor,d6_vendor_independence_01,6,Fabricated governance control cited. [stability variant 2],This sentence does not appear in the municipal document. (run 0),medium,,,,,,,,,,,,,,,,
run,mistral:7b,gov_sample_d6_vendor,d6_vendor_independence_01,7,Fabricated governance control cited. [stability variant 3],This sentence does not appear in the municipal document. (run 1),high,,,,,,,,,,,,,,,,
run,mistral:7b,gov_sample_d6_vendor,d6_vendor_independence_01,8,Fabricated governance control cited.,This sentence does not appear in the municipal document.,medium,,,,,,,,,,,,,,,,
run,mistral:7b,gov_sample_d6_vendor,d6_vendor_independence_01,9,Fabricated governance control cited.,This sentence does not appear in the municipal document.,medium,,,,,,,,,,,,,,,,
run,mistral:7b,gov_sample_d6_vendor,d6_vendor_independence_01,10,Fabricated governance control cited.,This sentence does not appear in the municipal document.,medium,,,,,,,,,,,,,,,,
run,mistral:7b,gov_sample_d6_vendor,d6_vendor_independence_01,11,Fabricated governance control cited. [stability variant 4],This sentence does not appear in the municipal document. (run 2),high,,,,,,,,,,,,,,,,
run,mistral:7b,gov_sample_d6_vendor,d6_vendor_independence_01,12,Fabricated governance control cited.,This sentence does not appear in the municipal document.,medium,,,,,,,,,,,,,,,,
run,mistral:7b,gov_sample_d6_vendor,d6_vendor_independence_01,13,Fabricated governance control cited.,This sentence does not appear in the municipal document.,medium,,,,,,,,,,,,,,,,
run,mistral:7b,gov_sample_d6_vendor,d6_vendor_independence_01,14,Fabricated governance control cited. [stability variant 2],This sentence does not appear in the municipal document. (run 2),high,,,,,,,,,,,,,,,,
run,mistral:7b,gov_sample_d6_vendor,d6_vendor_independence_01,15,Fabricated governance control cited.,This sentence does not appear in the municipal document.,medium,,,,,,,,,,,,,,,,
run,mistral:7b,gov_sample_d6_vendor,d6_vendor_independence_01,16,Fabricated governance control cited.,This sentence does not appear in the municipal document.,medium,,,,,,,,,,,,,,,,
run,mistral:7b,gov_sample_d6_vendor,d6_vendor_independence_01,17,Fabricated governance control cited.,This sentence does not appear in the municipal document.,medium,,,,,,,,,,,,,,,,
run,mistral:7b,gov_sample_d6_vendor,d6_vendor_independence_01,18,Fabricated governance control cited. [stability variant 2],This sentence does not appear in the municipal document. (run 0),low,,,,,,,,,,,,,,,,
run,mistral:7b,gov_sample_d6_vendor,d6_vendor_independence_01,19,Fabricated governance control cited.,This sentence does not appear in the municipal document.,medium,,,,,,,,,,,,,,,,
run,mistral:7b,gov_sample_d5_incidents,d5_monitoring_incidents_01,0,Document addresses d5_monitoring_incidents_01.,"me.

## 5. Risk and incidents

AI-related risks are entered in the co",low,,,,,,,,,,,,,,,,
run,mistral:7b,gov_sample_d5_incidents,d5_monitoring_incidents_01,1,Document addresses d5_monitoring_incidents_01.,"me.

## 5. Risk and incidents

AI-related risks are entered in the co",high,,,,,,,,,,,,,,,,
run,mistral:7b,gov_sample_d5_incidents,d5_monitoring_incidents_01,2,Document addresses d5_monitoring_incidents_01.,"me.

## 5. Risk and incidents

AI-related risks are entered in the co",high,,,,,,,,,,,,,,,,
run,mistral:7b,gov_sample_d5_incidents,d5_monitoring_incidents_01,3,Document addresses d5_monitoring_incidents_01.,"me.

## 5. Risk and incidents

AI-related risks are entered in the co",high,,,,,,,,,,,,,,,,
run,mistral:7b,gov_sample_d5_incidents,d5_monitoring_incidents_01,4,Document addresses d5_monitoring_incidents_01.,"me.

## 5. Risk and incidents

AI-related risks are entered in the co",high,,,,,,,,,,,,,,,,
run,mistral:7b,gov_sample_d5_incidents,d5_monitoring_incidents_01,5,Document addresses d5_monitoring_incidents_01. [stability variant 1],"me.

## 5. Risk and incidents

AI-related risks are entered in the co",high,,,,,,,,,,,,,,,,
run,mistral:7b,gov_sample_d5_incidents,d5_monitoring_incidents_01,6,Document addresses d5_monitoring_incidents_01.,"me.

## 5. Risk and incidents

AI-related risks are entered in the co",high,,,,,,,,,,,,,,,,
run,mistral:7b,gov_sample_d5_incidents,d5_monitoring_incidents_01,7,Document addresses d5_monitoring_incidents_01.,"me.

## 5. Risk and incidents

AI-related risks are entered in the co",high,,,,,,,,,,,,,,,,
run,mistral:7b,gov_sample_d5_incidents,d5_monitoring_incidents_01,8,Document addresses d5_monitoring_incidents_01.,"me.

## 5. Risk and incidents

AI-related risks are entered in the co",high,,,,,,,,,,,,,,,,
run,mistral:7b,gov_sample_d5_incidents,d5_monitoring_incidents_01,9,Document addresses d5_monitoring_incidents_01.,"me.

## 5. Risk and incidents

AI-related risks are entered in the co",high,,,,,,,,,,,,,,,,
run,mistral:7b,gov_sample_d5_incidents,d5_monitoring_incidents_01,10,Document addresses d5_monitoring_incidents_01.,"me.

## 5. Risk and incidents

AI-related risks are entered in the co",high,,,,,,,,,,,,,,,,
run,mistral:7b,gov_sample_d5_incidents,d5_monitoring_incidents_01,11,Document addresses d5_monitoring_incidents_01.,"me.

## 5. Risk and incidents

AI-related risks are entered in the co",high,,,,,,,,,,,,,,,,
run,mistral:7b,gov_sample_d5_incidents,d5_monitoring_incidents_01,12,Document addresses d5_monitoring_incidents_01.,"me.

## 5. Risk and incidents

AI-related risks are entered in the co",high,,,,,,,,,,,,,,,,
run,mistral:7b,gov_sample_d5_incidents,d5_monitoring_incidents_01,13,Document addresses d5_monitoring_incidents_01.,"me.

## 5. Risk and incidents

AI-related risks are entered in the co",high,,,,,,,,,,,,,,,,
run,mistral:7b,gov_sample_d5_incidents,d5_monitoring_incidents_01,14,Document addresses d5_monitoring_incidents_01.,"me.

## 5. Risk and incidents

AI-related risks are entered in the co",high,,,,,,,,,,,,,,,,
run,mistral:7b,gov_sample_d5_incidents,d5_monitoring_incidents_01,15,Document addresses d5_monitoring_incidents_01.,"me.

## 5. Risk and incidents

AI-related risks are entered in the co",high,,,,,,,,,,,,,,,,
run,mistral:7b,gov_sample_d5_incidents,d5_monitoring_incidents_01,16,Document addresses d5_monitoring_incidents_01.,"me.

## 5. Risk and incidents

AI-related risks are entered in the co",high,,,,,,,,,,,,,,,,
run,mistral:7b,gov_sample_d5_incidents,d5_monitoring_incidents_01,17,Document addresses d5_monitoring_incidents_01. [stability variant 2],"me.

## 5. Risk and incidents

AI-related risks are entered in the co (run 2)",medium,,,,,,,,,,,,,,,,
run,mistral:7b,gov_sample_d5_incidents,d5_monitoring_incidents_01,18,Document addresses d5_monitoring_incidents_01.,"me.

## 5. Risk and incidents

AI-related risks are entered in the co",high,,,,,,,,,,,,,,,,
run,mistral:7b,gov_sample_d5_incidents,d5_monitoring_incidents_01,19,Document addresses d5_monitoring_incidents_01.,"me.

## 5. Risk and incidents

AI-related risks are entered in the co",high,,,,,,,,,,,,,,,,
run,mistral:7b,procurement_d2_miss,d2_oversight_design_01,0,No explicit evidence identified.,,low,,,,,,,,,,,,,,,,
run,mistral:7b,procurement_d2_miss,d2_oversight_design_01,1,No explicit evidence identified.,,low,,,,,,,,,,,,,,,,
run,mistral:7b,procurement_d2_miss,d2_oversight_design_01,2,No explicit evidence identified.,,low,,,,,,,,,,,,,,,,
run,mistral:7b,procurement_d2_miss,d2_oversight_design_01,3,No explicit evidence identified. [stability variant 2],synthetic variant 2,low,,,,,,,,,,,,,,,,
run,mistral:7b,procurement_d2_miss,d2_oversight_design_01,4,No explicit evidence identified.,,low,,,,,,,,,,,,,,,,
run,mistral:7b,procurement_d2_miss,d2_oversight_design_01,5,No explicit evidence identified.,,low,,,,,,,,,,,,,,,,
run,mistral:7b,procurement_d2_miss,d2_oversight_design_01,6,No explicit evidence identified.,,low,,,,,,,,,,,,,,,,
run,mistral:7b,procurement_d2_miss,d2_oversight_design_01,7,No explicit evidence identified.,,low,,,,,,,,,,,,,,,,
run,mistral:7b,procurement_d2_miss,d2_oversight_design_01,8,No explicit evidence identified.,,low,,,,,,,,,,,,,,,,
run,mistral:7b,procurement_d2_miss,d2_oversight_design_01,9,No explicit evidence identified. [stability variant 1],synthetic variant 1,low,,,,,,,,,,,,,,,,
run,mistral:7b,procurement_d2_miss,d2_oversight_design_01,10,No explicit evidence identified.,,low,,,,,,,,,,,,,,,,
run,mistral:7b,procurement_d2_miss,d2_oversight_design_01,11,No explicit evidence identified. [stability variant 1],synthetic variant 1,high,,,,,,,,,,,,,,,,
run,mistral:7b,procurement_d2_miss,d2_oversight_design_01,12,No explicit evidence identified.,,low,,,,,,,,,,,,,,,,
run,mistral:7b,procurement_d2_miss,d2_oversight_design_01,13,No explicit evidence identified.,,low,,,,,,,,,,,,,,,,
run,mistral:7b,procurement_d2_miss,d2_oversight_design_01,14,No explicit evidence identified.,,low,,,,,,,,,,,,,,,,
run,mistral:7b,procurement_d2_miss,d2_oversight_design_01,15,No explicit evidence identified.,,low,,,,,,,,,,,,,,,,
run,mistral:7b,procurement_d2_miss,d2_oversight_design_01,16,No explicit evidence identified.,,low,,,,,,,,,,,,,,,,
run,mistral:7b,procurement_d2_miss,d2_oversight_design_01,17,No explicit evidence identified.,,low,,,,,,,,,,,,,,,,
run,mistral:7b,procurement_d2_miss,d2_oversight_design_01,18,No explicit evidence identified.,,low,,,,,,,,,,,,,,,,
run,mistral:7b,procurement_d2_miss,d2_oversight_design_01,19,No explicit evidence identified. [stability variant 1],synthetic variant 1,medium,,,,,,,,,,,,,,,,
run,mistral:7b,procurement_d6_vendor,d6_vendor_independence_01,0,Document addresses d6_vendor_independence_01.,"l security team

## Vendor independence

Secondary supplier evaluation schedule",low,,,,,,,,,,,,,,,,
run,mistral:7b,procurement_d6_vendor,d6_vendor_independence_01,1,Document addresses d6_vendor_independence_01.,"l security team

## Vendor independence

Secondary supplier evaluation schedule",high,,,,,,,,,,,,,,,,
run,mistral:7b,procurement_d6_vendor,d6_vendor_independence_01,2,Document addresses d6_vendor_independence_01.,"l security team

## Vendor independence

Secondary supplier evaluation schedule",high,,,,,,,,,,,,,,,,
run,mistral:7b,procurement_d6_vendor,d6_vendor_independence_01,3,Document addresses d6_vendor_independence_01.,"l security team

## Vendor independence

Secondary supplier evaluation schedule",high,,,,,,,,,,,,,,,,
run,mistral:7b,procurement_d6_vendor,d6_vendor_independence_01,4,Document addresses d6_vendor_independence_01. [stability variant 1],"l security team

## Vendor independence

Secondary supplier evaluation schedule",high,,,,,,,,,,,,,,,,
run,mistral:7b,procurement_d6_vendor,d6_vendor_independence_01,5,Document addresses d6_vendor_independence_01. [stability variant 2],"l security team

## Vendor independence

Secondary supplier evaluation schedule (run 2)",low,,,,,,,,,,,,,,,,
run,mistral:7b,procurement_d6_vendor,d6_vendor_independence_01,6,Document addresses d6_vendor_independence_01.,"l security team

## Vendor independence

Secondary supplier evaluation schedule",high,,,,,,,,,,,,,,,,
run,mistral:7b,procurement_d6_vendor,d6_vendor_independence_01,7,Document addresses d6_vendor_independence_01.,"l security team

## Vendor independence

Secondary supplier evaluation schedule",high,,,,,,,,,,,,,,,,
run,mistral:7b,procurement_d6_vendor,d6_vendor_independence_01,8,Document addresses d6_vendor_independence_01. [stability variant 2],"l security team

## Vendor independence

Secondary supplier evaluation schedule (run 2)",high,,,,,,,,,,,,,,,,
run,mistral:7b,procurement_d6_vendor,d6_vendor_independence_01,9,Document addresses d6_vendor_independence_01. [stability variant 3],"l security team

## Vendor independence

Secondary supplier evaluation schedule (run 0)",medium,,,,,,,,,,,,,,,,
run,mistral:7b,procurement_d6_vendor,d6_vendor_independence_01,10,Document addresses d6_vendor_independence_01.,"l security team

## Vendor independence

Secondary supplier evaluation schedule",high,,,,,,,,,,,,,,,,
run,mistral:7b,procurement_d6_vendor,d6_vendor_independence_01,11,Document addresses d6_vendor_independence_01.,"l security team

## Vendor independence

Secondary supplier evaluation schedule",high,,,,,,,,,,,,,,,,
run,mistral:7b,procurement_d6_vendor,d6_vendor_independence_01,12,Document addresses d6_vendor_independence_01.,"l security team

## Vendor independence

Secondary supplier evaluation schedule",medium,,,,,,,,,,,,,,,,
run,mistral:7b,procurement_d6_vendor,d6_vendor_independence_01,13,Document addresses d6_vendor_independence_01.,"l security team

## Vendor independence

Secondary supplier evaluation schedule",high,,,,,,,,,,,,,,,,
run,mistral:7b,procurement_d6_vendor,d6_vendor_independence_01,14,Document addresses d6_vendor_independence_01.,"l security team

## Vendor independence

Secondary supplier evaluation schedule",high,,,,,,,,,,,,,,,,
run,mistral:7b,procurement_d6_vendor,d6_vendor_independence_01,15,Document addresses d6_vendor_independence_01.,"l security team

## Vendor independence

Secondary supplier evaluation schedule",high,,,,,,,,,,,,,,,,
run,mistral:7b,procurement_d6_vendor,d6_vendor_independence_01,16,Document addresses d6_vendor_independence_01.,"l security team

## Vendor independence

Secondary supplier evaluation schedule",high,,,,,,,,,,,,,,,,
run,mistral:7b,procurement_d6_vendor,d6_vendor_independence_01,17,Document addresses d6_vendor_independence_01.,"l security team

## Vendor independence

Secondary supplier evaluation schedule",high,,,,,,,,,,,,,,,,
run,mistral:7b,procurement_d6_vendor,d6_vendor_independence_01,18,Document addresses d6_vendor_independence_01.,"l security team

## Vendor independence

Secondary supplier evaluation schedule",high,,,,,,,,,,,,,,,,
run,mistral:7b,procurement_d6_vendor,d6_vendor_independence_01,19,Document addresses d6_vendor_independence_01. [stability variant 4],"l security team

## Vendor independence

Secondary supplier evaluation schedule (run 1)",medium,,,,,,,,,,,,,,,,
run,mistral:7b,tech_d6_infra,d6_infrastructure_01,0,Document addresses d6_infrastructure_01. [stability variant 3],"luster in municipal data centre (EU hosting)
- No public cloud inferenc (run 0)",high,,,,,,,,,,,,,,,,
run,mistral:7b,tech_d6_infra,d6_infrastructure_01,1,Document addresses d6_infrastructure_01.,"luster in municipal data centre (EU hosting)
- No public cloud inferenc",high,,,,,,,,,,,,,,,,
run,mistral:7b,tech_d6_infra,d6_infrastructure_01,2,Document addresses d6_infrastructure_01.,"luster in municipal data centre (EU hosting)
- No public cloud inferenc",high,,,,,,,,,,,,,,,,
run,mistral:7b,tech_d6_infra,d6_infrastructure_01,3,Document addresses d6_infrastructure_01.,"luster in municipal data centre (EU hosting)
- No public cloud inferenc",high,,,,,,,,,,,,,,,,
run,mistral:7b,tech_d6_infra,d6_infrastructure_01,4,Document addresses d6_infrastructure_01.,"luster in municipal data centre (EU hosting)
- No public cloud inferenc",high,,,,,,,,,,,,,,,,
run,mistral:7b,tech_d6_infra,d6_infrastructure_01,5,Document addresses d6_infrastructure_01.,"luster in municipal data centre (EU hosting)
- No public cloud inferenc",high,,,,,,,,,,,,,,,,
run,mistral:7b,tech_d6_infra,d6_infrastructure_01,6,Document addresses d6_infrastructure_01.,"luster in municipal data centre (EU hosting)
- No public cloud inferenc",high,,,,,,,,,,,,,,,,
run,mistral:7b,tech_d6_infra,d6_infrastructure_01,7,Document addresses d6_infrastructure_01. [stability variant 2],"luster in municipal data centre (EU hosting)
- No public cloud inferenc (run 1)",medium,,,,,,,,,,,,,,,,
run,mistral:7b,tech_d6_infra,d6_infrastructure_01,8,Document addresses d6_infrastructure_01.,"luster in municipal data centre (EU hosting)
- No public cloud inferenc",high,,,,,,,,,,,,,,,,
run,mistral:7b,tech_d6_infra,d6_infrastructure_01,9,Document addresses d6_infrastructure_01.,"luster in municipal data centre (EU hosting)
- No public cloud inferenc",high,,,,,,,,,,,,,,,,
run,mistral:7b,tech_d6_infra,d6_infrastructure_01,10,Document addresses d6_infrastructure_01.,"luster in municipal data centre (EU hosting)
- No public cloud inferenc",high,,,,,,,,,,,,,,,,
run,mistral:7b,tech_d6_infra,d6_infrastructure_01,11,Document addresses d6_infrastructure_01.,"luster in municipal data centre (EU hosting)
- No public cloud inferenc",high,,,,,,,,,,,,,,,,
run,mistral:7b,tech_d6_infra,d6_infrastructure_01,12,Document addresses d6_infrastructure_01.,"luster in municipal data centre (EU hosting)
- No public cloud inferenc",high,,,,,,,,,,,,,,,,
run,mistral:7b,tech_d6_infra,d6_infrastructure_01,13,Document addresses d6_infrastructure_01.,"luster in municipal data centre (EU hosting)
- No public cloud inferenc",high,,,,,,,,,,,,,,,,
run,mistral:7b,tech_d6_infra,d6_infrastructure_01,14,Document addresses d6_infrastructure_01.,"luster in municipal data centre (EU hosting)
- No public cloud inferenc",high,,,,,,,,,,,,,,,,
run,mistral:7b,tech_d6_infra,d6_infrastructure_01,15,Document addresses d6_infrastructure_01.,"luster in municipal data centre (EU hosting)
- No public cloud inferenc",high,,,,,,,,,,,,,,,,
run,mistral:7b,tech_d6_infra,d6_infrastructure_01,16,Document addresses d6_infrastructure_01.,"luster in municipal data centre (EU hosting)
- No public cloud inferenc",high,,,,,,,,,,,,,,,,
run,mistral:7b,tech_d6_infra,d6_infrastructure_01,17,Document addresses d6_infrastructure_01.,"luster in municipal data centre (EU hosting)
- No public cloud inferenc",high,,,,,,,,,,,,,,,,
run,mistral:7b,tech_d6_infra,d6_infrastructure_01,18,Document addresses d6_infrastructure_01.,"luster in municipal data centre (EU hosting)
- No public cloud inferenc",high,,,,,,,,,,,,,,,,
run,mistral:7b,tech_d6_infra,d6_infrastructure_01,19,Document addresses d6_infrastructure_01.,"luster in municipal data centre (EU hosting)
- No public cloud inferenc",high,,,,,,,,,,,,,,,,
run,mistral:7b,tech_d2_miss,d2_intervention_01,0,No explicit evidence identified.,,low,,,,,,,,,,,,,,,,
run,mistral:7b,tech_d2_miss,d2_intervention_01,1,No explicit evidence identified.,,low,,,,,,,,,,,,,,,,
run,mistral:7b,tech_d2_miss,d2_intervention_01,2,No explicit evidence identified.,,low,,,,,,,,,,,,,,,,
run,mistral:7b,tech_d2_miss,d2_intervention_01,3,No explicit evidence identified. [stability variant 2],synthetic variant 2,low,,,,,,,,,,,,,,,,
run,mistral:7b,tech_d2_miss,d2_intervention_01,4,No explicit evidence identified.,,low,,,,,,,,,,,,,,,,
run,mistral:7b,tech_d2_miss,d2_intervention_01,5,No explicit evidence identified.,,low,,,,,,,,,,,,,,,,
run,mistral:7b,tech_d2_miss,d2_intervention_01,6,No explicit evidence identified.,,low,,,,,,,,,,,,,,,,
run,mistral:7b,tech_d2_miss,d2_intervention_01,7,No explicit evidence identified.,,low,,,,,,,,,,,,,,,,
run,mistral:7b,tech_d2_miss,d2_intervention_01,8,No explicit evidence identified. [stability variant 1],synthetic variant 1,low,,,,,,,,,,,,,,,,
run,mistral:7b,tech_d2_miss,d2_intervention_01,9,No explicit evidence identified.,,low,,,,,,,,,,,,,,,,
run,mistral:7b,tech_d2_miss,d2_intervention_01,10,No explicit evidence identified.,,low,,,,,,,,,,,,,,,,
run,mistral:7b,tech_d2_miss,d2_intervention_01,11,No explicit evidence identified.,,low,,,,,,,,,,,,,,,,
run,mistral:7b,tech_d2_miss,d2_intervention_01,12,No explicit evidence identified.,,low,,,,,,,,,,,,,,,,
run,mistral:7b,tech_d2_miss,d2_intervention_01,13,No explicit evidence identified.,,low,,,,,,,,,,,,,,,,
run,mistral:7b,tech_d2_miss,d2_intervention_01,14,No explicit evidence identified.,,low,,,,,,,,,,,,,,,,
run,mistral:7b,tech_d2_miss,d2_intervention_01,15,No explicit evidence identified.,,low,,,,,,,,,,,,,,,,
run,mistral:7b,tech_d2_miss,d2_intervention_01,16,No explicit evidence identified.,,low,,,,,,,,,,,,,,,,
run,mistral:7b,tech_d2_miss,d2_intervention_01,17,No explicit evidence identified. [stability variant 1],synthetic variant 1,low,,,,,,,,,,,,,,,,
run,mistral:7b,tech_d2_miss,d2_intervention_01,18,No explicit evidence identified.,,low,,,,,,,,,,,,,,,,
run,mistral:7b,tech_d2_miss,d2_intervention_01,19,No explicit evidence identified.,,low,,,,,,,,,,,,,,,,
run,mistral:7b,incident_d5_monitor,d5_monitoring_incidents_01,0,Fabricated governance control cited. [stability variant 1],This sentence does not appear in the municipal document.,low,,,,,,,,,,,,,,,,
run,mistral:7b,incident_d5_monitor,d5_monitoring_incidents_01,1,Fabricated governance control cited.,This sentence does not appear in the municipal document.,low,,,,,,,,,,,,,,,,
run,mistral:7b,incident_d5_monitor,d5_monitoring_incidents_01,2,Fabricated governance control cited.,This sentence does not appear in the municipal document.,medium,,,,,,,,,,,,,,,,
run,mistral:7b,incident_d5_monitor,d5_monitoring_incidents_01,3,Fabricated governance control cited.,This sentence does not appear in the municipal document.,medium,,,,,,,,,,,,,,,,
run,mistral:7b,incident_d5_monitor,d5_monitoring_incidents_01,4,Fabricated governance control cited.,This sentence does not appear in the municipal document.,medium,,,,,,,,,,,,,,,,
run,mistral:7b,incident_d5_monitor,d5_monitoring_incidents_01,5,Fabricated governance control cited.,This sentence does not appear in the municipal document.,medium,,,,,,,,,,,,,,,,
run,mistral:7b,incident_d5_monitor,d5_monitoring_incidents_01,6,Fabricated governance control cited.,This sentence does not appear in the municipal document.,medium,,,,,,,,,,,,,,,,
run,mistral:7b,incident_d5_monitor,d5_monitoring_incidents_01,7,Fabricated governance control cited. [stability variant 4],This sentence does not appear in the municipal document. (run 1),high,,,,,,,,,,,,,,,,
run,mistral:7b,incident_d5_monitor,d5_monitoring_incidents_01,8,Fabricated governance control cited.,This sentence does not appear in the municipal document.,medium,,,,,,,,,,,,,,,,
run,mistral:7b,incident_d5_monitor,d5_monitoring_incidents_01,9,Fabricated governance control cited.,This sentence does not appear in the municipal document.,medium,,,,,,,,,,,,,,,,
run,mistral:7b,incident_d5_monitor,d5_monitoring_incidents_01,10,Fabricated governance control cited.,This sentence does not appear in the municipal document.,medium,,,,,,,,,,,,,,,,
run,mistral:7b,incident_d5_monitor,d5_monitoring_incidents_01,11,Fabricated governance control cited.,This sentence does not appear in the municipal document.,medium,,,,,,,,,,,,,,,,
run,mistral:7b,incident_d5_monitor,d5_monitoring_incidents_01,12,Fabricated governance control cited. [stability variant 3],This sentence does not appear in the municipal document. (run 0),low,,,,,,,,,,,,,,,,
run,mistral:7b,incident_d5_monitor,d5_monitoring_incidents_01,13,Fabricated governance control cited.,This sentence does not appear in the municipal document.,medium,,,,,,,,,,,,,,,,
run,mistral:7b,incident_d5_monitor,d5_monitoring_incidents_01,14,Fabricated governance control cited.,This sentence does not appear in the municipal document.,medium,,,,,,,,,,,,,,,,
run,mistral:7b,incident_d5_monitor,d5_monitoring_incidents_01,15,Fabricated governance control cited.,This sentence does not appear in the municipal document.,medium,,,,,,,,,,,,,,,,
run,mistral:7b,incident_d5_monitor,d5_monitoring_incidents_01,16,Fabricated governance control cited.,This sentence does not appear in the municipal document.,medium,,,,,,,,,,,,,,,,
run,mistral:7b,incident_d5_monitor,d5_monitoring_incidents_01,17,Fabricated governance control cited.,This sentence does not appear in the municipal document.,medium,,,,,,,,,,,,,,,,
run,mistral:7b,incident_d5_monitor,d5_monitoring_incidents_01,18,Fabricated governance control cited.,This sentence does not appear in the municipal document.,medium,,,,,,,,,,,,,,,,
run,mistral:7b,incident_d5_monitor,d5_monitoring_incidents_01,19,Fabricated governance control cited.,This sentence does not appear in the municipal document.,medium,,,,,,,,,,,,,,,,
run,mistral:7b,incident_d4_miss,d4_minimization_01,0,No explicit evidence identified.,,low,,,,,,,,,,,,,,,,
run,mistral:7b,incident_d4_miss,d4_minimization_01,1,No explicit evidence identified.,,low,,,,,,,,,,,,,,,,
run,mistral:7b,incident_d4_miss,d4_minimization_01,2,No explicit evidence identified.,,low,,,,,,,,,,,,,,,,
run,mistral:7b,incident_d4_miss,d4_minimization_01,3,No explicit evidence identified.,,low,,,,,,,,,,,,,,,,
run,mistral:7b,incident_d4_miss,d4_minimization_01,4,No explicit evidence identified. [stability variant 1],synthetic variant 1,medium,,,,,,,,,,,,,,,,
run,mistral:7b,incident_d4_miss,d4_minimization_01,5,No explicit evidence identified. [stability variant 1],synthetic variant 1,high,,,,,,,,,,,,,,,,
run,mistral:7b,incident_d4_miss,d4_minimization_01,6,No explicit evidence identified. [stability variant 4],synthetic variant 4,medium,,,,,,,,,,,,,,,,
run,mistral:7b,incident_d4_miss,d4_minimization_01,7,No explicit evidence identified. [stability variant 1],synthetic variant 1,medium,,,,,,,,,,,,,,,,
run,mistral:7b,incident_d4_miss,d4_minimization_01,8,No explicit evidence identified.,,low,,,,,,,,,,,,,,,,
run,mistral:7b,incident_d4_miss,d4_minimization_01,9,No explicit evidence identified.,,low,,,,,,,,,,,,,,,,
run,mistral:7b,incident_d4_miss,d4_minimization_01,10,No explicit evidence identified.,,low,,,,,,,,,,,,,,,,
run,mistral:7b,incident_d4_miss,d4_minimization_01,11,No explicit evidence identified. [stability variant 4],synthetic variant 4,medium,,,,,,,,,,,,,,,,
run,mistral:7b,incident_d4_miss,d4_minimization_01,12,No explicit evidence identified.,,low,,,,,,,,,,,,,,,,
run,mistral:7b,incident_d4_miss,d4_minimization_01,13,No explicit evidence identified.,,low,,,,,,,,,,,,,,,,
run,mistral:7b,incident_d4_miss,d4_minimization_01,14,No explicit evidence identified.,,low,,,,,,,,,,,,,,,,
run,mistral:7b,incident_d4_miss,d4_minimization_01,15,No explicit evidence identified.,,low,,,,,,,,,,,,,,,,
run,mistral:7b,incident_d4_miss,d4_minimization_01,16,No explicit evidence identified. [stability variant 1],synthetic variant 1,high,,,,,,,,,,,,,,,,
run,mistral:7b,incident_d4_miss,d4_minimization_01,17,No explicit evidence identified.,,low,,,,,,,,,,,,,,,,
run,mistral:7b,incident_d4_miss,d4_minimization_01,18,No explicit evidence identified.,,low,,,,,,,,,,,,,,,,
run,mistral:7b,incident_d4_miss,d4_minimization_01,19,No explicit evidence identified.,,low,,,,,,,,,,,,,,,,
run,mistral:7b,data_gov_d4_lawful,d4_lawfulness_01,0,Document addresses d4_lawfulness_01.,"Synthetic Demo)

## Lawful basis

Public task and legal obligation docum",high,,,,,,,,,,,,,,,,
run,mistral:7b,data_gov_d4_lawful,d4_lawfulness_01,1,Document addresses d4_lawfulness_01.,"Synthetic Demo)

## Lawful basis

Public task and legal obligation docum",high,,,,,,,,,,,,,,,,
run,mistral:7b,data_gov_d4_lawful,d4_lawfulness_01,2,Document addresses d4_lawfulness_01.,"Synthetic Demo)

## Lawful basis

Public task and legal obligation docum",high,,,,,,,,,,,,,,,,
run,mistral:7b,data_gov_d4_lawful,d4_lawfulness_01,3,Document addresses d4_lawfulness_01.,"Synthetic Demo)

## Lawful basis

Public task and legal obligation docum",high,,,,,,,,,,,,,,,,
run,mistral:7b,data_gov_d4_lawful,d4_lawfulness_01,4,Document addresses d4_lawfulness_01.,"Synthetic Demo)

## Lawful basis

Public task and legal obligation docum",high,,,,,,,,,,,,,,,,
run,mistral:7b,data_gov_d4_lawful,d4_lawfulness_01,5,Document addresses d4_lawfulness_01. [stability variant 1],"Synthetic Demo)

## Lawful basis

Public task and legal obligation docum",low,,,,,,,,,,,,,,,,
run,mistral:7b,data_gov_d4_lawful,d4_lawfulness_01,6,Document addresses d4_lawfulness_01. [stability variant 4],"Synthetic Demo)

## Lawful basis

Public task and legal obligation docum (run 0)",high,,,,,,,,,,,,,,,,
run,mistral:7b,data_gov_d4_lawful,d4_lawfulness_01,7,Document addresses d4_lawfulness_01.,"Synthetic Demo)

## Lawful basis

Public task and legal obligation docum",high,,,,,,,,,,,,,,,,
run,mistral:7b,data_gov_d4_lawful,d4_lawfulness_01,8,Document addresses d4_lawfulness_01.,"Synthetic Demo)

## Lawful basis

Public task and legal obligation docum",high,,,,,,,,,,,,,,,,
run,mistral:7b,data_gov_d4_lawful,d4_lawfulness_01,9,Document addresses d4_lawfulness_01.,"Synthetic Demo)

## Lawful basis

Public task and legal obligation docum",high,,,,,,,,,,,,,,,,
run,mistral:7b,data_gov_d4_lawful,d4_lawfulness_01,10,Document addresses d4_lawfulness_01.,"Synthetic Demo)

## Lawful basis

Public task and legal obligation docum",high,,,,,,,,,,,,,,,,
run,mistral:7b,data_gov_d4_lawful,d4_lawfulness_01,11,Document addresses d4_lawfulness_01. [stability variant 3],"Synthetic Demo)

## Lawful basis

Public task and legal obligation docum (run 2)",medium,,,,,,,,,,,,,,,,
run,mistral:7b,data_gov_d4_lawful,d4_lawfulness_01,12,Document addresses d4_lawfulness_01.,"Synthetic Demo)

## Lawful basis

Public task and legal obligation docum",high,,,,,,,,,,,,,,,,
run,mistral:7b,data_gov_d4_lawful,d4_lawfulness_01,13,Document addresses d4_lawfulness_01.,"Synthetic Demo)

## Lawful basis

Public task and legal obligation docum",high,,,,,,,,,,,,,,,,
run,mistral:7b,data_gov_d4_lawful,d4_lawfulness_01,14,Document addresses d4_lawfulness_01. [stability variant 4],"Synthetic Demo)

## Lawful basis

Public task and legal obligation docum (run 2)",low,,,,,,,,,,,,,,,,
run,mistral:7b,data_gov_d4_lawful,d4_lawfulness_01,15,Document addresses d4_lawfulness_01.,"Synthetic Demo)

## Lawful basis

Public task and legal obligation docum",high,,,,,,,,,,,,,,,,
run,mistral:7b,data_gov_d4_lawful,d4_lawfulness_01,16,Document addresses d4_lawfulness_01.,"Synthetic Demo)

## Lawful basis

Public task and legal obligation docum",high,,,,,,,,,,,,,,,,
run,mistral:7b,data_gov_d4_lawful,d4_lawfulness_01,17,Document addresses d4_lawfulness_01.,"Synthetic Demo)

## Lawful basis

Public task and legal obligation docum",high,,,,,,,,,,,,,,,,
run,mistral:7b,data_gov_d4_lawful,d4_lawfulness_01,18,Document addresses d4_lawfulness_01. [stability variant 2],"Synthetic Demo)

## Lawful basis

Public task and legal obligation docum (run 0)",high,,,,,,,,,,,,,,,,
run,mistral:7b,data_gov_d4_lawful,d4_lawfulness_01,19,Document addresses d4_lawfulness_01.,"Synthetic Demo)

## Lawful basis

Public task and legal obligation docum",high,,,,,,,,,,,,,,,,
run,mistral:7b,data_gov_d3_miss,d3_external_transparency_01,0,No explicit evidence identified.,,low,,,,,,,,,,,,,,,,
run,mistral:7b,data_gov_d3_miss,d3_external_transparency_01,1,No explicit evidence identified. [stability variant 3],synthetic variant 3,medium,,,,,,,,,,,,,,,,
run,mistral:7b,data_gov_d3_miss,d3_external_transparency_01,2,No explicit evidence identified. [stability variant 1],synthetic variant 1,medium,,,,,,,,,,,,,,,,
run,mistral:7b,data_gov_d3_miss,d3_external_transparency_01,3,No explicit evidence identified.,,low,,,,,,,,,,,,,,,,
run,mistral:7b,data_gov_d3_miss,d3_external_transparency_01,4,No explicit evidence identified.,,low,,,,,,,,,,,,,,,,
run,mistral:7b,data_gov_d3_miss,d3_external_transparency_01,5,No explicit evidence identified.,,low,,,,,,,,,,,,,,,,
run,mistral:7b,data_gov_d3_miss,d3_external_transparency_01,6,No explicit evidence identified.,,low,,,,,,,,,,,,,,,,
run,mistral:7b,data_gov_d3_miss,d3_external_transparency_01,7,No explicit evidence identified.,,low,,,,,,,,,,,,,,,,
run,mistral:7b,data_gov_d3_miss,d3_external_transparency_01,8,No explicit evidence identified.,,low,,,,,,,,,,,,,,,,
run,mistral:7b,data_gov_d3_miss,d3_external_transparency_01,9,No explicit evidence identified.,,low,,,,,,,,,,,,,,,,
run,mistral:7b,data_gov_d3_miss,d3_external_transparency_01,10,No explicit evidence identified.,,low,,,,,,,,,,,,,,,,
run,mistral:7b,data_gov_d3_miss,d3_external_transparency_01,11,No explicit evidence identified.,,low,,,,,,,,,,,,,,,,
run,mistral:7b,data_gov_d3_miss,d3_external_transparency_01,12,No explicit evidence identified. [stability variant 1],synthetic variant 1,medium,,,,,,,,,,,,,,,,
run,mistral:7b,data_gov_d3_miss,d3_external_transparency_01,13,No explicit evidence identified.,,low,,,,,,,,,,,,,,,,
run,mistral:7b,data_gov_d3_miss,d3_external_transparency_01,14,No explicit evidence identified.,,low,,,,,,,,,,,,,,,,
run,mistral:7b,data_gov_d3_miss,d3_external_transparency_01,15,No explicit evidence identified.,,low,,,,,,,,,,,,,,,,
run,mistral:7b,data_gov_d3_miss,d3_external_transparency_01,16,No explicit evidence identified.,,low,,,,,,,,,,,,,,,,
run,mistral:7b,data_gov_d3_miss,d3_external_transparency_01,17,No explicit evidence identified.,,low,,,,,,,,,,,,,,,,
run,mistral:7b,data_gov_d3_miss,d3_external_transparency_01,18,No explicit evidence identified.,,low,,,,,,,,,,,,,,,,
run,mistral:7b,data_gov_d3_miss,d3_external_transparency_01,19,No explicit evidence identified.,,low,,,,,,,,,,,,,,,,
run,mistral:7b,demo_gov_d1_mandate,d1_mandate_01,0,Document addresses d1_mandate_01.,"viewed by a **named policy officer** before external use.

## Accountabili",high,,,,,,,,,,,,,,,,
run,mistral:7b,demo_gov_d1_mandate,d1_mandate_01,1,Document addresses d1_mandate_01.,"viewed by a **named policy officer** before external use.

## Accountabili",high,,,,,,,,,,,,,,,,
run,mistral:7b,demo_gov_d1_mandate,d1_mandate_01,2,Document addresses d1_mandate_01.,"viewed by a **named policy officer** before external use.

## Accountabili",high,,,,,,,,,,,,,,,,
run,mistral:7b,demo_gov_d1_mandate,d1_mandate_01,3,Document addresses d1_mandate_01.,"viewed by a **named policy officer** before external use.

## Accountabili",high,,,,,,,,,,,,,,,,
run,mistral:7b,demo_gov_d1_mandate,d1_mandate_01,4,Document addresses d1_mandate_01. [stability variant 2],"viewed by a **named policy officer** before external use.

## Accountabili (run 1)",medium,,,,,,,,,,,,,,,,
run,mistral:7b,demo_gov_d1_mandate,d1_mandate_01,5,Document addresses d1_mandate_01. [stability variant 1],"viewed by a **named policy officer** before external use.

## Accountabili",high,,,,,,,,,,,,,,,,
run,mistral:7b,demo_gov_d1_mandate,d1_mandate_01,6,Document addresses d1_mandate_01.,"viewed by a **named policy officer** before external use.

## Accountabili",high,,,,,,,,,,,,,,,,
run,mistral:7b,demo_gov_d1_mandate,d1_mandate_01,7,Document addresses d1_mandate_01. [stability variant 4],"viewed by a **named policy officer** before external use.

## Accountabili (run 1)",low,,,,,,,,,,,,,,,,
run,mistral:7b,demo_gov_d1_mandate,d1_mandate_01,8,Document addresses d1_mandate_01.,"viewed by a **named policy officer** before external use.

## Accountabili",high,,,,,,,,,,,,,,,,
run,mistral:7b,demo_gov_d1_mandate,d1_mandate_01,9,Document addresses d1_mandate_01.,"viewed by a **named policy officer** before external use.

## Accountabili",high,,,,,,,,,,,,,,,,
run,mistral:7b,demo_gov_d1_mandate,d1_mandate_01,10,Document addresses d1_mandate_01.,"viewed by a **named policy officer** before external use.

## Accountabili",high,,,,,,,,,,,,,,,,
run,mistral:7b,demo_gov_d1_mandate,d1_mandate_01,11,Document addresses d1_mandate_01.,"viewed by a **named policy officer** before external use.

## Accountabili",high,,,,,,,,,,,,,,,,
run,mistral:7b,demo_gov_d1_mandate,d1_mandate_01,12,Document addresses d1_mandate_01. [stability variant 3],"viewed by a **named policy officer** before external use.

## Accountabili (run 0)",high,,,,,,,,,,,,,,,,
run,mistral:7b,demo_gov_d1_mandate,d1_mandate_01,13,Document addresses d1_mandate_01.,"viewed by a **named policy officer** before external use.

## Accountabili",high,,,,,,,,,,,,,,,,
run,mistral:7b,demo_gov_d1_mandate,d1_mandate_01,14,Document addresses d1_mandate_01.,"viewed by a **named policy officer** before external use.

## Accountabili",high,,,,,,,,,,,,,,,,
run,mistral:7b,demo_gov_d1_mandate,d1_mandate_01,15,Document addresses d1_mandate_01.,"viewed by a **named policy officer** before external use.

## Accountabili",high,,,,,,,,,,,,,,,,
run,mistral:7b,demo_gov_d1_mandate,d1_mandate_01,16,Document addresses d1_mandate_01.,"viewed by a **named policy officer** before external use.

## Accountabili",high,,,,,,,,,,,,,,,,
run,mistral:7b,demo_gov_d1_mandate,d1_mandate_01,17,Document addresses d1_mandate_01. [stability variant 1],"viewed by a **named policy officer** before external use.

## Accountabili",medium,,,,,,,,,,,,,,,,
run,mistral:7b,demo_gov_d1_mandate,d1_mandate_01,18,Document addresses d1_mandate_01.,"viewed by a **named policy officer** before external use.

## Accountabili",high,,,,,,,,,,,,,,,,
run,mistral:7b,demo_gov_d1_mandate,d1_mandate_01,19,Document addresses d1_mandate_01.,"viewed by a **named policy officer** before external use.

## Accountabili",high,,,,,,,,,,,,,,,,
run,mistral:7b,demo_gov_d2_trace,d2_traceability_01,0,Document addresses d2_traceability_01. [stability variant 1],"s
- Supervisors may override model outputs; overrides logged in case",high,,,,,,,,,,,,,,,,
run,mistral:7b,demo_gov_d2_trace,d2_traceability_01,1,Document addresses d2_traceability_01.,"s
- Supervisors may override model outputs; overrides logged in case",high,,,,,,,,,,,,,,,,
run,mistral:7b,demo_gov_d2_trace,d2_traceability_01,2,Document addresses d2_traceability_01.,"s
- Supervisors may override model outputs; overrides logged in case",high,,,,,,,,,,,,,,,,
run,mistral:7b,demo_gov_d2_trace,d2_traceability_01,3,Document addresses d2_traceability_01.,"s
- Supervisors may override model outputs; overrides logged in case",high,,,,,,,,,,,,,,,,
run,mistral:7b,demo_gov_d2_trace,d2_traceability_01,4,Document addresses d2_traceability_01.,"s
- Supervisors may override model outputs; overrides logged in case",high,,,,,,,,,,,,,,,,
run,mistral:7b,demo_gov_d2_trace,d2_traceability_01,5,Document addresses d2_traceability_01.,"s
- Supervisors may override model outputs; overrides logged in case",high,,,,,,,,,,,,,,,,
run,mistral:7b,demo_gov_d2_trace,d2_traceability_01,6,Document addresses d2_traceability_01.,"s
- Supervisors may override model outputs; overrides logged in case",high,,,,,,,,,,,,,,,,
run,mistral:7b,demo_gov_d2_trace,d2_traceability_01,7,Document addresses d2_traceability_01.,"s
- Supervisors may override model outputs; overrides logged in case",high,,,,,,,,,,,,,,,,
run,mistral:7b,demo_gov_d2_trace,d2_traceability_01,8,Document addresses d2_traceability_01.,"s
- Supervisors may override model outputs; overrides logged in case",high,,,,,,,,,,,,,,,,
run,mistral:7b,demo_gov_d2_trace,d2_traceability_01,9,Document addresses d2_traceability_01.,"s
- Supervisors may override model outputs; overrides logged in case",high,,,,,,,,,,,,,,,,
run,mistral:7b,demo_gov_d2_trace,d2_traceability_01,10,Document addresses d2_traceability_01.,"s
- Supervisors may override model outputs; overrides logged in case",high,,,,,,,,,,,,,,,,
run,mistral:7b,demo_gov_d2_trace,d2_traceability_01,11,Document addresses d2_traceability_01. [stability variant 3],"s
- Supervisors may override model outputs; overrides logged in case (run 2)",high,,,,,,,,,,,,,,,,
run,mistral:7b,demo_gov_d2_trace,d2_traceability_01,12,Document addresses d2_traceability_01.,"s
- Supervisors may override model outputs; overrides logged in case",high,,,,,,,,,,,,,,,,
run,mistral:7b,demo_gov_d2_trace,d2_traceability_01,13,Document addresses d2_traceability_01.,"s
- Supervisors may override model outputs; overrides logged in case",high,,,,,,,,,,,,,,,,
run,mistral:7b,demo_gov_d2_trace,d2_traceability_01,14,Document addresses d2_traceability_01.,"s
- Supervisors may override model outputs; overrides logged in case",high,,,,,,,,,,,,,,,,
run,mistral:7b,demo_gov_d2_trace,d2_traceability_01,15,Document addresses d2_traceability_01.,"s
- Supervisors may override model outputs; overrides logged in case",high,,,,,,,,,,,,,,,,
run,mistral:7b,demo_gov_d2_trace,d2_traceability_01,16,Document addresses d2_traceability_01. [stability variant 4],"s
- Supervisors may override model outputs; overrides logged in case (run 1)",high,,,,,,,,,,,,,,,,
run,mistral:7b,demo_gov_d2_trace,d2_traceability_01,17,Document addresses d2_traceability_01.,"s
- Supervisors may override model outputs; overrides logged in case",high,,,,,,,,,,,,,,,,
run,mistral:7b,demo_gov_d2_trace,d2_traceability_01,18,Document addresses d2_traceability_01.,"s
- Supervisors may override model outputs; overrides logged in case",high,,,,,,,,,,,,,,,,
run,mistral:7b,demo_gov_d2_trace,d2_traceability_01,19,Document addresses d2_traceability_01.,"s
- Supervisors may override model outputs; overrides logged in case",high,,,,,,,,,,,,,,,,
run,mistral:7b,gov_sample_d1_accountability,d1_accountability_01,0,Document addresses d1_accountability_01. [stability variant 2],"with the designated service owner.""* Sampling of 10% of weekly outputs
is (run 0)",high,,,,,,,,,,,,,,,,
run,mistral:7b,gov_sample_d1_accountability,d1_accountability_01,1,Document addresses d1_accountability_01.,"with the designated service owner.""* Sampling of 10% of weekly outputs
is",high,,,,,,,,,,,,,,,,
run,mistral:7b,gov_sample_d1_accountability,d1_accountability_01,2,Document addresses d1_accountability_01.,"with the designated service owner.""* Sampling of 10% of weekly outputs
is",low,,,,,,,,,,,,,,,,
run,mistral:7b,gov_sample_d1_accountability,d1_accountability_01,3,Document addresses d1_accountability_01.,"with the designated service owner.""* Sampling of 10% of weekly outputs
is",high,,,,,,,,,,,,,,,,
run,mistral:7b,gov_sample_d1_accountability,d1_accountability_01,4,Document addresses d1_accountability_01.,"with the designated service owner.""* Sampling of 10% of weekly outputs
is",high,,,,,,,,,,,,,,,,
run,mistral:7b,gov_sample_d1_accountability,d1_accountability_01,5,Document addresses d1_accountability_01.,"with the designated service owner.""* Sampling of 10% of weekly outputs
is",high,,,,,,,,,,,,,,,,
run,mistral:7b,gov_sample_d1_accountability,d1_accountability_01,6,Document addresses d1_accountability_01.,"with the designated service owner.""* Sampling of 10% of weekly outputs
is",high,,,,,,,,,,,,,,,,
run,mistral:7b,gov_sample_d1_accountability,d1_accountability_01,7,Document addresses d1_accountability_01.,"with the designated service owner.""* Sampling of 10% of weekly outputs
is",high,,,,,,,,,,,,,,,,
run,mistral:7b,gov_sample_d1_accountability,d1_accountability_01,8,Document addresses d1_accountability_01.,"with the designated service owner.""* Sampling of 10% of weekly outputs
is",high,,,,,,,,,,,,,,,,
run,mistral:7b,gov_sample_d1_accountability,d1_accountability_01,9,Document addresses d1_accountability_01. [stability variant 4],"with the designated service owner.""* Sampling of 10% of weekly outputs
is (run 0)",high,,,,,,,,,,,,,,,,
run,mistral:7b,gov_sample_d1_accountability,d1_accountability_01,10,Document addresses d1_accountability_01.,"with the designated service owner.""* Sampling of 10% of weekly outputs
is",high,,,,,,,,,,,,,,,,
run,mistral:7b,gov_sample_d1_accountability,d1_accountability_01,11,Document addresses d1_accountability_01.,"with the designated service owner.""* Sampling of 10% of weekly outputs
is",high,,,,,,,,,,,,,,,,
run,mistral:7b,gov_sample_d1_accountability,d1_accountability_01,12,Document addresses d1_accountability_01.,"with the designated service owner.""* Sampling of 10% of weekly outputs
is",high,,,,,,,,,,,,,,,,
run,mistral:7b,gov_sample_d1_accountability,d1_accountability_01,13,Document addresses d1_accountability_01.,"with the designated service owner.""* Sampling of 10% of weekly outputs
is",high,,,,,,,,,,,,,,,,
run,mistral:7b,gov_sample_d1_accountability,d1_accountability_01,14,Document addresses d1_accountability_01.,"with the designated service owner.""* Sampling of 10% of weekly outputs
is",high,,,,,,,,,,,,,,,,
run,mistral:7b,gov_sample_d1_accountability,d1_accountability_01,15,Document addresses d1_accountability_01.,"with the designated service owner.""* Sampling of 10% of weekly outputs
is",high,,,,,,,,,,,,,,,,
run,mistral:7b,gov_sample_d1_accountability,d1_accountability_01,16,Document addresses d1_accountability_01.,"with the designated service owner.""* Sampling of 10% of weekly outputs
is",high,,,,,,,,,,,,,,,,
run,mistral:7b,gov_sample_d1_accountability,d1_accountability_01,17,Document addresses d1_accountability_01.,"with the designated service owner.""* Sampling of 10% of weekly outputs
is",high,,,,,,,,,,,,,,,,
run,mistral:7b,gov_sample_d1_accountability,d1_accountability_01,18,Document addresses d1_accountability_01.,"with the designated service owner.""* Sampling of 10% of weekly outputs
is",high,,,,,,,,,,,,,,,,
run,mistral:7b,gov_sample_d1_accountability,d1_accountability_01,19,Document addresses d1_accountability_01.,"with the designated service owner.""* Sampling of 10% of weekly outputs
is",high,,,,,,,,,,,,,,,,
run,gemma2:9b,gov_sample_d2_oversight,d2_oversight_design_01,0,Document addresses d2_oversight_design_01.,reviewed by a named policy officer. Review triggers include references to,high,,,,,,,,,,,,,,,,
run,gemma2:9b,gov_sample_d2_oversight,d2_oversight_design_01,1,Document addresses d2_oversight_design_01.,reviewed by a named policy officer. Review triggers include references to,high,,,,,,,,,,,,,,,,
run,gemma2:9b,gov_sample_d2_oversight,d2_oversight_design_01,2,Document addresses d2_oversight_design_01. [stability variant 3],reviewed by a named policy officer. Review triggers include references to (run 2),medium,,,,,,,,,,,,,,,,
run,gemma2:9b,gov_sample_d2_oversight,d2_oversight_design_01,3,Document addresses d2_oversight_design_01.,reviewed by a named policy officer. Review triggers include references to,high,,,,,,,,,,,,,,,,
run,gemma2:9b,gov_sample_d2_oversight,d2_oversight_design_01,4,Document addresses d2_oversight_design_01.,reviewed by a named policy officer. Review triggers include references to,high,,,,,,,,,,,,,,,,
run,gemma2:9b,gov_sample_d2_oversight,d2_oversight_design_01,5,Document addresses d2_oversight_design_01.,reviewed by a named policy officer. Review triggers include references to,high,,,,,,,,,,,,,,,,
run,gemma2:9b,gov_sample_d2_oversight,d2_oversight_design_01,6,Document addresses d2_oversight_design_01.,reviewed by a named policy officer. Review triggers include references to,high,,,,,,,,,,,,,,,,
run,gemma2:9b,gov_sample_d2_oversight,d2_oversight_design_01,7,Document addresses d2_oversight_design_01.,reviewed by a named policy officer. Review triggers include references to,high,,,,,,,,,,,,,,,,
run,gemma2:9b,gov_sample_d2_oversight,d2_oversight_design_01,8,Document addresses d2_oversight_design_01.,reviewed by a named policy officer. Review triggers include references to,high,,,,,,,,,,,,,,,,
run,gemma2:9b,gov_sample_d2_oversight,d2_oversight_design_01,9,Document addresses d2_oversight_design_01. [stability variant 1],reviewed by a named policy officer. Review triggers include references to,medium,,,,,,,,,,,,,,,,
run,gemma2:9b,gov_sample_d2_oversight,d2_oversight_design_01,10,Document addresses d2_oversight_design_01.,reviewed by a named policy officer. Review triggers include references to,high,,,,,,,,,,,,,,,,
run,gemma2:9b,gov_sample_d2_oversight,d2_oversight_design_01,11,Document addresses d2_oversight_design_01.,reviewed by a named policy officer. Review triggers include references to,high,,,,,,,,,,,,,,,,
run,gemma2:9b,gov_sample_d2_oversight,d2_oversight_design_01,12,Document addresses d2_oversight_design_01.,reviewed by a named policy officer. Review triggers include references to,high,,,,,,,,,,,,,,,,
run,gemma2:9b,gov_sample_d2_oversight,d2_oversight_design_01,13,Document addresses d2_oversight_design_01.,reviewed by a named policy officer. Review triggers include references to,high,,,,,,,,,,,,,,,,
run,gemma2:9b,gov_sample_d2_oversight,d2_oversight_design_01,14,Document addresses d2_oversight_design_01.,reviewed by a named policy officer. Review triggers include references to,high,,,,,,,,,,,,,,,,
run,gemma2:9b,gov_sample_d2_oversight,d2_oversight_design_01,15,Document addresses d2_oversight_design_01.,reviewed by a named policy officer. Review triggers include references to,high,,,,,,,,,,,,,,,,
run,gemma2:9b,gov_sample_d2_oversight,d2_oversight_design_01,16,Document addresses d2_oversight_design_01.,reviewed by a named policy officer. Review triggers include references to,high,,,,,,,,,,,,,,,,
run,gemma2:9b,gov_sample_d2_oversight,d2_oversight_design_01,17,Document addresses d2_oversight_design_01.,reviewed by a named policy officer. Review triggers include references to,high,,,,,,,,,,,,,,,,
run,gemma2:9b,gov_sample_d2_oversight,d2_oversight_design_01,18,Document addresses d2_oversight_design_01.,reviewed by a named policy officer. Review triggers include references to,high,,,,,,,,,,,,,,,,
run,gemma2:9b,gov_sample_d2_oversight,d2_oversight_design_01,19,Document addresses d2_oversight_design_01.,reviewed by a named policy officer. Review triggers include references to,high,,,,,,,,,,,,,,,,
run,gemma2:9b,gov_sample_d4_sovereignty,d4_data_sovereignty_01,0,Document addresses d4_data_sovereignty_01.,rence stack runs on borough-owned hardware in the EU. Egress to external,low,,,,,,,,,,,,,,,,
run,gemma2:9b,gov_sample_d4_sovereignty,d4_data_sovereignty_01,1,Document addresses d4_data_sovereignty_01. [stability variant 2],rence stack runs on borough-owned hardware in the EU. Egress to external (run 1),high,,,,,,,,,,,,,,,,
run,gemma2:9b,gov_sample_d4_sovereignty,d4_data_sovereignty_01,2,Document addresses d4_data_sovereignty_01.,rence stack runs on borough-owned hardware in the EU. Egress to external,high,,,,,,,,,,,,,,,,
run,gemma2:9b,gov_sample_d4_sovereignty,d4_data_sovereignty_01,3,Document addresses d4_data_sovereignty_01.,rence stack runs on borough-owned hardware in the EU. Egress to external,high,,,,,,,,,,,,,,,,
run,gemma2:9b,gov_sample_d4_sovereignty,d4_data_sovereignty_01,4,Document addresses d4_data_sovereignty_01.,rence stack runs on borough-owned hardware in the EU. Egress to external,high,,,,,,,,,,,,,,,,
run,gemma2:9b,gov_sample_d4_sovereignty,d4_data_sovereignty_01,5,Document addresses d4_data_sovereignty_01.,rence stack runs on borough-owned hardware in the EU. Egress to external,high,,,,,,,,,,,,,,,,
run,gemma2:9b,gov_sample_d4_sovereignty,d4_data_sovereignty_01,6,Document addresses d4_data_sovereignty_01.,rence stack runs on borough-owned hardware in the EU. Egress to external,high,,,,,,,,,,,,,,,,
run,gemma2:9b,gov_sample_d4_sovereignty,d4_data_sovereignty_01,7,Document addresses d4_data_sovereignty_01.,rence stack runs on borough-owned hardware in the EU. Egress to external,high,,,,,,,,,,,,,,,,
run,gemma2:9b,gov_sample_d4_sovereignty,d4_data_sovereignty_01,8,Document addresses d4_data_sovereignty_01. [stability variant 3],rence stack runs on borough-owned hardware in the EU. Egress to external (run 2),high,,,,,,,,,,,,,,,,
run,gemma2:9b,gov_sample_d4_sovereignty,d4_data_sovereignty_01,9,Document addresses d4_data_sovereignty_01.,rence stack runs on borough-owned hardware in the EU. Egress to external,high,,,,,,,,,,,,,,,,
run,gemma2:9b,gov_sample_d4_sovereignty,d4_data_sovereignty_01,10,Document addresses d4_data_sovereignty_01. [stability variant 3],rence stack runs on borough-owned hardware in the EU. Egress to external (run 1),medium,,,,,,,,,,,,,,,,
run,gemma2:9b,gov_sample_d4_sovereignty,d4_data_sovereignty_01,11,Document addresses d4_data_sovereignty_01.,rence stack runs on borough-owned hardware in the EU. Egress to external,high,,,,,,,,,,,,,,,,
run,gemma2:9b,gov_sample_d4_sovereignty,d4_data_sovereignty_01,12,Document addresses d4_data_sovereignty_01.,rence stack runs on borough-owned hardware in the EU. Egress to external,medium,,,,,,,,,,,,,,,,
run,gemma2:9b,gov_sample_d4_sovereignty,d4_data_sovereignty_01,13,Document addresses d4_data_sovereignty_01.,rence stack runs on borough-owned hardware in the EU. Egress to external,high,,,,,,,,,,,,,,,,
run,gemma2:9b,gov_sample_d4_sovereignty,d4_data_sovereignty_01,14,Document addresses d4_data_sovereignty_01.,rence stack runs on borough-owned hardware in the EU. Egress to external,high,,,,,,,,,,,,,,,,
run,gemma2:9b,gov_sample_d4_sovereignty,d4_data_sovereignty_01,15,Document addresses d4_data_sovereignty_01. [stability variant 4],rence stack runs on borough-owned hardware in the EU. Egress to external (run 0),low,,,,,,,,,,,,,,,,
run,gemma2:9b,gov_sample_d4_sovereignty,d4_data_sovereignty_01,16,Document addresses d4_data_sovereignty_01.,rence stack runs on borough-owned hardware in the EU. Egress to external,high,,,,,,,,,,,,,,,,
run,gemma2:9b,gov_sample_d4_sovereignty,d4_data_sovereignty_01,17,Document addresses d4_data_sovereignty_01. [stability variant 2],rence stack runs on borough-owned hardware in the EU. Egress to external (run 2),high,,,,,,,,,,,,,,,,
run,gemma2:9b,gov_sample_d4_sovereignty,d4_data_sovereignty_01,18,Document addresses d4_data_sovereignty_01.,rence stack runs on borough-owned hardware in the EU. Egress to external,high,,,,,,,,,,,,,,,,
run,gemma2:9b,gov_sample_d4_sovereignty,d4_data_sovereignty_01,19,Document addresses d4_data_sovereignty_01.,rence stack runs on borough-owned hardware in the EU. Egress to external,low,,,,,,,,,,,,,,,,
run,gemma2:9b,gov_sample_d6_vendor,d6_vendor_independence_01,0,Document addresses d6_vendor_independence_01.,"security updates.

Vendor contracts require 30-day notice before model weig",high,,,,,,,,,,,,,,,,
run,gemma2:9b,gov_sample_d6_vendor,d6_vendor_independence_01,1,Document addresses d6_vendor_independence_01.,"security updates.

Vendor contracts require 30-day notice before model weig",high,,,,,,,,,,,,,,,,
run,gemma2:9b,gov_sample_d6_vendor,d6_vendor_independence_01,2,Document addresses d6_vendor_independence_01.,"security updates.

Vendor contracts require 30-day notice before model weig",high,,,,,,,,,,,,,,,,
run,gemma2:9b,gov_sample_d6_vendor,d6_vendor_independence_01,3,Document addresses d6_vendor_independence_01.,"security updates.

Vendor contracts require 30-day notice before model weig",high,,,,,,,,,,,,,,,,
run,gemma2:9b,gov_sample_d6_vendor,d6_vendor_independence_01,4,Document addresses d6_vendor_independence_01.,"security updates.

Vendor contracts require 30-day notice before model weig",high,,,,,,,,,,,,,,,,
run,gemma2:9b,gov_sample_d6_vendor,d6_vendor_independence_01,5,Document addresses d6_vendor_independence_01. [stability variant 4],"security updates.

Vendor contracts require 30-day notice before model weig (run 2)",high,,,,,,,,,,,,,,,,
run,gemma2:9b,gov_sample_d6_vendor,d6_vendor_independence_01,6,Document addresses d6_vendor_independence_01.,"security updates.

Vendor contracts require 30-day notice before model weig",high,,,,,,,,,,,,,,,,
run,gemma2:9b,gov_sample_d6_vendor,d6_vendor_independence_01,7,Document addresses d6_vendor_independence_01. [stability variant 1],"security updates.

Vendor contracts require 30-day notice before model weig",low,,,,,,,,,,,,,,,,
run,gemma2:9b,gov_sample_d6_vendor,d6_vendor_independence_01,8,Document addresses d6_vendor_independence_01.,"security updates.

Vendor contracts require 30-day notice before model weig",high,,,,,,,,,,,,,,,,
run,gemma2:9b,gov_sample_d6_vendor,d6_vendor_independence_01,9,Document addresses d6_vendor_independence_01.,"security updates.

Vendor contracts require 30-day notice before model weig",high,,,,,,,,,,,,,,,,
run,gemma2:9b,gov_sample_d6_vendor,d6_vendor_independence_01,10,Document addresses d6_vendor_independence_01.,"security updates.

Vendor contracts require 30-day notice before model weig",high,,,,,,,,,,,,,,,,
run,gemma2:9b,gov_sample_d6_vendor,d6_vendor_independence_01,11,Document addresses d6_vendor_independence_01. [stability variant 4],"security updates.

Vendor contracts require 30-day notice before model weig (run 2)",high,,,,,,,,,,,,,,,,
run,gemma2:9b,gov_sample_d6_vendor,d6_vendor_independence_01,12,Document addresses d6_vendor_independence_01.,"security updates.

Vendor contracts require 30-day notice before model weig",high,,,,,,,,,,,,,,,,
run,gemma2:9b,gov_sample_d6_vendor,d6_vendor_independence_01,13,Document addresses d6_vendor_independence_01. [stability variant 3],"security updates.

Vendor contracts require 30-day notice before model weig (run 1)",medium,,,,,,,,,,,,,,,,
run,gemma2:9b,gov_sample_d6_vendor,d6_vendor_independence_01,14,Document addresses d6_vendor_independence_01. [stability variant 3],"security updates.

Vendor contracts require 30-day notice before model weig (run 2)",low,,,,,,,,,,,,,,,,
run,gemma2:9b,gov_sample_d6_vendor,d6_vendor_independence_01,15,Document addresses d6_vendor_independence_01. [stability variant 3],"security updates.

Vendor contracts require 30-day notice before model weig (run 0)",low,,,,,,,,,,,,,,,,
run,gemma2:9b,gov_sample_d6_vendor,d6_vendor_independence_01,16,Document addresses d6_vendor_independence_01.,"security updates.

Vendor contracts require 30-day notice before model weig",high,,,,,,,,,,,,,,,,
run,gemma2:9b,gov_sample_d6_vendor,d6_vendor_independence_01,17,Document addresses d6_vendor_independence_01.,"security updates.

Vendor contracts require 30-day notice before model weig",high,,,,,,,,,,,,,,,,
run,gemma2:9b,gov_sample_d6_vendor,d6_vendor_independence_01,18,Document addresses d6_vendor_independence_01.,"security updates.

Vendor contracts require 30-day notice before model weig",high,,,,,,,,,,,,,,,,
run,gemma2:9b,gov_sample_d6_vendor,d6_vendor_independence_01,19,Document addresses d6_vendor_independence_01.,"security updates.

Vendor contracts require 30-day notice before model weig",high,,,,,,,,,,,,,,,,
run,gemma2:9b,gov_sample_d5_incidents,d5_monitoring_incidents_01,0,Document addresses d5_monitoring_incidents_01. [stability variant 4],"me.

## 5. Risk and incidents

AI-related risks are entered in the co (run 0)",medium,,,,,,,,,,,,,,,,
run,gemma2:9b,gov_sample_d5_incidents,d5_monitoring_incidents_01,1,Document addresses d5_monitoring_incidents_01.,"me.

## 5. Risk and incidents

AI-related risks are entered in the co",high,,,,,,,,,,,,,,,,
run,gemma2:9b,gov_sample_d5_incidents,d5_monitoring_incidents_01,2,Document addresses d5_monitoring_incidents_01.,"me.

## 5. Risk and incidents

AI-related risks are entered in the co",high,,,,,,,,,,,,,,,,
run,gemma2:9b,gov_sample_d5_incidents,d5_monitoring_incidents_01,3,Document addresses d5_monitoring_incidents_01. [stability variant 3],"me.

## 5. Risk and incidents

AI-related risks are entered in the co (run 0)",low,,,,,,,,,,,,,,,,
run,gemma2:9b,gov_sample_d5_incidents,d5_monitoring_incidents_01,4,Document addresses d5_monitoring_incidents_01.,"me.

## 5. Risk and incidents

AI-related risks are entered in the co",high,,,,,,,,,,,,,,,,
run,gemma2:9b,gov_sample_d5_incidents,d5_monitoring_incidents_01,5,Document addresses d5_monitoring_incidents_01. [stability variant 2],"me.

## 5. Risk and incidents

AI-related risks are entered in the co (run 2)",medium,,,,,,,,,,,,,,,,
run,gemma2:9b,gov_sample_d5_incidents,d5_monitoring_incidents_01,6,Document addresses d5_monitoring_incidents_01.,"me.

## 5. Risk and incidents

AI-related risks are entered in the co",high,,,,,,,,,,,,,,,,
run,gemma2:9b,gov_sample_d5_incidents,d5_monitoring_incidents_01,7,Document addresses d5_monitoring_incidents_01.,"me.

## 5. Risk and incidents

AI-related risks are entered in the co",high,,,,,,,,,,,,,,,,
run,gemma2:9b,gov_sample_d5_incidents,d5_monitoring_incidents_01,8,Document addresses d5_monitoring_incidents_01.,"me.

## 5. Risk and incidents

AI-related risks are entered in the co",high,,,,,,,,,,,,,,,,
run,gemma2:9b,gov_sample_d5_incidents,d5_monitoring_incidents_01,9,Document addresses d5_monitoring_incidents_01. [stability variant 3],"me.

## 5. Risk and incidents

AI-related risks are entered in the co (run 0)",low,,,,,,,,,,,,,,,,
run,gemma2:9b,gov_sample_d5_incidents,d5_monitoring_incidents_01,10,Document addresses d5_monitoring_incidents_01.,"me.

## 5. Risk and incidents

AI-related risks are entered in the co",high,,,,,,,,,,,,,,,,
run,gemma2:9b,gov_sample_d5_incidents,d5_monitoring_incidents_01,11,Document addresses d5_monitoring_incidents_01. [stability variant 1],"me.

## 5. Risk and incidents

AI-related risks are entered in the co",high,,,,,,,,,,,,,,,,
run,gemma2:9b,gov_sample_d5_incidents,d5_monitoring_incidents_01,12,Document addresses d5_monitoring_incidents_01.,"me.

## 5. Risk and incidents

AI-related risks are entered in the co",high,,,,,,,,,,,,,,,,
run,gemma2:9b,gov_sample_d5_incidents,d5_monitoring_incidents_01,13,Document addresses d5_monitoring_incidents_01. [stability variant 4],"me.

## 5. Risk and incidents

AI-related risks are entered in the co (run 1)",low,,,,,,,,,,,,,,,,
run,gemma2:9b,gov_sample_d5_incidents,d5_monitoring_incidents_01,14,Document addresses d5_monitoring_incidents_01.,"me.

## 5. Risk and incidents

AI-related risks are entered in the co",high,,,,,,,,,,,,,,,,
run,gemma2:9b,gov_sample_d5_incidents,d5_monitoring_incidents_01,15,Document addresses d5_monitoring_incidents_01.,"me.

## 5. Risk and incidents

AI-related risks are entered in the co",high,,,,,,,,,,,,,,,,
run,gemma2:9b,gov_sample_d5_incidents,d5_monitoring_incidents_01,16,Document addresses d5_monitoring_incidents_01.,"me.

## 5. Risk and incidents

AI-related risks are entered in the co",high,,,,,,,,,,,,,,,,
run,gemma2:9b,gov_sample_d5_incidents,d5_monitoring_incidents_01,17,Document addresses d5_monitoring_incidents_01.,"me.

## 5. Risk and incidents

AI-related risks are entered in the co",high,,,,,,,,,,,,,,,,
run,gemma2:9b,gov_sample_d5_incidents,d5_monitoring_incidents_01,18,Document addresses d5_monitoring_incidents_01.,"me.

## 5. Risk and incidents

AI-related risks are entered in the co",medium,,,,,,,,,,,,,,,,
run,gemma2:9b,gov_sample_d5_incidents,d5_monitoring_incidents_01,19,Document addresses d5_monitoring_incidents_01.,"me.

## 5. Risk and incidents

AI-related risks are entered in the co",high,,,,,,,,,,,,,,,,
run,gemma2:9b,procurement_d2_miss,d2_oversight_design_01,0,No explicit evidence identified.,,low,,,,,,,,,,,,,,,,
run,gemma2:9b,procurement_d2_miss,d2_oversight_design_01,1,No explicit evidence identified.,,low,,,,,,,,,,,,,,,,
run,gemma2:9b,procurement_d2_miss,d2_oversight_design_01,2,No explicit evidence identified.,,low,,,,,,,,,,,,,,,,
run,gemma2:9b,procurement_d2_miss,d2_oversight_design_01,3,No explicit evidence identified.,,medium,,,,,,,,,,,,,,,,
run,gemma2:9b,procurement_d2_miss,d2_oversight_design_01,4,No explicit evidence identified.,,low,,,,,,,,,,,,,,,,
run,gemma2:9b,procurement_d2_miss,d2_oversight_design_01,5,No explicit evidence identified.,,low,,,,,,,,,,,,,,,,
run,gemma2:9b,procurement_d2_miss,d2_oversight_design_01,6,No explicit evidence identified.,,low,,,,,,,,,,,,,,,,
run,gemma2:9b,procurement_d2_miss,d2_oversight_design_01,7,No explicit evidence identified.,,low,,,,,,,,,,,,,,,,
run,gemma2:9b,procurement_d2_miss,d2_oversight_design_01,8,No explicit evidence identified.,,low,,,,,,,,,,,,,,,,
run,gemma2:9b,procurement_d2_miss,d2_oversight_design_01,9,No explicit evidence identified. [stability variant 3],synthetic variant 3,low,,,,,,,,,,,,,,,,
run,gemma2:9b,procurement_d2_miss,d2_oversight_design_01,10,No explicit evidence identified.,,low,,,,,,,,,,,,,,,,
run,gemma2:9b,procurement_d2_miss,d2_oversight_design_01,11,No explicit evidence identified.,,low,,,,,,,,,,,,,,,,
run,gemma2:9b,procurement_d2_miss,d2_oversight_design_01,12,No explicit evidence identified. [stability variant 1],synthetic variant 1,medium,,,,,,,,,,,,,,,,
run,gemma2:9b,procurement_d2_miss,d2_oversight_design_01,13,No explicit evidence identified.,,low,,,,,,,,,,,,,,,,
run,gemma2:9b,procurement_d2_miss,d2_oversight_design_01,14,No explicit evidence identified.,,low,,,,,,,,,,,,,,,,
run,gemma2:9b,procurement_d2_miss,d2_oversight_design_01,15,No explicit evidence identified. [stability variant 2],synthetic variant 2,high,,,,,,,,,,,,,,,,
run,gemma2:9b,procurement_d2_miss,d2_oversight_design_01,16,No explicit evidence identified.,,low,,,,,,,,,,,,,,,,
run,gemma2:9b,procurement_d2_miss,d2_oversight_design_01,17,No explicit evidence identified.,,low,,,,,,,,,,,,,,,,
run,gemma2:9b,procurement_d2_miss,d2_oversight_design_01,18,No explicit evidence identified.,,low,,,,,,,,,,,,,,,,
run,gemma2:9b,procurement_d2_miss,d2_oversight_design_01,19,No explicit evidence identified.,,low,,,,,,,,,,,,,,,,
run,gemma2:9b,procurement_d6_vendor,d6_vendor_independence_01,0,Document addresses d6_vendor_independence_01.,"l security team

## Vendor independence

Secondary supplier evaluation schedule",high,,,,,,,,,,,,,,,,
run,gemma2:9b,procurement_d6_vendor,d6_vendor_independence_01,1,Document addresses d6_vendor_independence_01.,"l security team

## Vendor independence

Secondary supplier evaluation schedule",high,,,,,,,,,,,,,,,,
run,gemma2:9b,procurement_d6_vendor,d6_vendor_independence_01,2,Document addresses d6_vendor_independence_01.,"l security team

## Vendor independence

Secondary supplier evaluation schedule",high,,,,,,,,,,,,,,,,
run,gemma2:9b,procurement_d6_vendor,d6_vendor_independence_01,3,Document addresses d6_vendor_independence_01.,"l security team

## Vendor independence

Secondary supplier evaluation schedule",high,,,,,,,,,,,,,,,,
run,gemma2:9b,procurement_d6_vendor,d6_vendor_independence_01,4,Document addresses d6_vendor_independence_01.,"l security team

## Vendor independence

Secondary supplier evaluation schedule",high,,,,,,,,,,,,,,,,
run,gemma2:9b,procurement_d6_vendor,d6_vendor_independence_01,5,Document addresses d6_vendor_independence_01. [stability variant 1],"l security team

## Vendor independence

Secondary supplier evaluation schedule",high,,,,,,,,,,,,,,,,
run,gemma2:9b,procurement_d6_vendor,d6_vendor_independence_01,6,Document addresses d6_vendor_independence_01. [stability variant 3],"l security team

## Vendor independence

Secondary supplier evaluation schedule (run 0)",low,,,,,,,,,,,,,,,,
run,gemma2:9b,procurement_d6_vendor,d6_vendor_independence_01,7,Document addresses d6_vendor_independence_01. [stability variant 4],"l security team

## Vendor independence

Secondary supplier evaluation schedule (run 1)",low,,,,,,,,,,,,,,,,
run,gemma2:9b,procurement_d6_vendor,d6_vendor_independence_01,8,Document addresses d6_vendor_independence_01.,"l security team

## Vendor independence

Secondary supplier evaluation schedule",high,,,,,,,,,,,,,,,,
run,gemma2:9b,procurement_d6_vendor,d6_vendor_independence_01,9,Document addresses d6_vendor_independence_01.,"l security team

## Vendor independence

Secondary supplier evaluation schedule",high,,,,,,,,,,,,,,,,
run,gemma2:9b,procurement_d6_vendor,d6_vendor_independence_01,10,Document addresses d6_vendor_independence_01.,"l security team

## Vendor independence

Secondary supplier evaluation schedule",high,,,,,,,,,,,,,,,,
run,gemma2:9b,procurement_d6_vendor,d6_vendor_independence_01,11,Document addresses d6_vendor_independence_01.,"l security team

## Vendor independence

Secondary supplier evaluation schedule",medium,,,,,,,,,,,,,,,,
run,gemma2:9b,procurement_d6_vendor,d6_vendor_independence_01,12,Document addresses d6_vendor_independence_01.,"l security team

## Vendor independence

Secondary supplier evaluation schedule",high,,,,,,,,,,,,,,,,
run,gemma2:9b,procurement_d6_vendor,d6_vendor_independence_01,13,Document addresses d6_vendor_independence_01.,"l security team

## Vendor independence

Secondary supplier evaluation schedule",high,,,,,,,,,,,,,,,,
run,gemma2:9b,procurement_d6_vendor,d6_vendor_independence_01,14,Document addresses d6_vendor_independence_01.,"l security team

## Vendor independence

Secondary supplier evaluation schedule",high,,,,,,,,,,,,,,,,
run,gemma2:9b,procurement_d6_vendor,d6_vendor_independence_01,15,Document addresses d6_vendor_independence_01.,"l security team

## Vendor independence

Secondary supplier evaluation schedule",high,,,,,,,,,,,,,,,,
run,gemma2:9b,procurement_d6_vendor,d6_vendor_independence_01,16,Document addresses d6_vendor_independence_01.,"l security team

## Vendor independence

Secondary supplier evaluation schedule",high,,,,,,,,,,,,,,,,
run,gemma2:9b,procurement_d6_vendor,d6_vendor_independence_01,17,Document addresses d6_vendor_independence_01.,"l security team

## Vendor independence

Secondary supplier evaluation schedule",high,,,,,,,,,,,,,,,,
run,gemma2:9b,procurement_d6_vendor,d6_vendor_independence_01,18,Document addresses d6_vendor_independence_01. [stability variant 2],"l security team

## Vendor independence

Secondary supplier evaluation schedule (run 0)",medium,,,,,,,,,,,,,,,,
run,gemma2:9b,procurement_d6_vendor,d6_vendor_independence_01,19,Document addresses d6_vendor_independence_01.,"l security team

## Vendor independence

Secondary supplier evaluation schedule",high,,,,,,,,,,,,,,,,
run,gemma2:9b,tech_d6_infra,d6_infrastructure_01,0,Document addresses d6_infrastructure_01.,"luster in municipal data centre (EU hosting)
- No public cloud inferenc",high,,,,,,,,,,,,,,,,
run,gemma2:9b,tech_d6_infra,d6_infrastructure_01,1,Document addresses d6_infrastructure_01.,"luster in municipal data centre (EU hosting)
- No public cloud inferenc",high,,,,,,,,,,,,,,,,
run,gemma2:9b,tech_d6_infra,d6_infrastructure_01,2,Document addresses d6_infrastructure_01.,"luster in municipal data centre (EU hosting)
- No public cloud inferenc",high,,,,,,,,,,,,,,,,
run,gemma2:9b,tech_d6_infra,d6_infrastructure_01,3,Document addresses d6_infrastructure_01.,"luster in municipal data centre (EU hosting)
- No public cloud inferenc",high,,,,,,,,,,,,,,,,
run,gemma2:9b,tech_d6_infra,d6_infrastructure_01,4,Document addresses d6_infrastructure_01. [stability variant 1],"luster in municipal data centre (EU hosting)
- No public cloud inferenc",low,,,,,,,,,,,,,,,,
run,gemma2:9b,tech_d6_infra,d6_infrastructure_01,5,Document addresses d6_infrastructure_01.,"luster in municipal data centre (EU hosting)
- No public cloud inferenc",high,,,,,,,,,,,,,,,,
run,gemma2:9b,tech_d6_infra,d6_infrastructure_01,6,Document addresses d6_infrastructure_01.,"luster in municipal data centre (EU hosting)
- No public cloud inferenc",high,,,,,,,,,,,,,,,,
run,gemma2:9b,tech_d6_infra,d6_infrastructure_01,7,Document addresses d6_infrastructure_01.,"luster in municipal data centre (EU hosting)
- No public cloud inferenc",high,,,,,,,,,,,,,,,,
run,gemma2:9b,tech_d6_infra,d6_infrastructure_01,8,Document addresses d6_infrastructure_01.,"luster in municipal data centre (EU hosting)
- No public cloud inferenc",high,,,,,,,,,,,,,,,,
run,gemma2:9b,tech_d6_infra,d6_infrastructure_01,9,Document addresses d6_infrastructure_01. [stability variant 2],"luster in municipal data centre (EU hosting)
- No public cloud inferenc (run 0)",high,,,,,,,,,,,,,,,,
run,gemma2:9b,tech_d6_infra,d6_infrastructure_01,10,Document addresses d6_infrastructure_01.,"luster in municipal data centre (EU hosting)
- No public cloud inferenc",high,,,,,,,,,,,,,,,,
run,gemma2:9b,tech_d6_infra,d6_infrastructure_01,11,Document addresses d6_infrastructure_01.,"luster in municipal data centre (EU hosting)
- No public cloud inferenc",high,,,,,,,,,,,,,,,,
run,gemma2:9b,tech_d6_infra,d6_infrastructure_01,12,Document addresses d6_infrastructure_01.,"luster in municipal data centre (EU hosting)
- No public cloud inferenc",high,,,,,,,,,,,,,,,,
run,gemma2:9b,tech_d6_infra,d6_infrastructure_01,13,Document addresses d6_infrastructure_01.,"luster in municipal data centre (EU hosting)
- No public cloud inferenc",high,,,,,,,,,,,,,,,,
run,gemma2:9b,tech_d6_infra,d6_infrastructure_01,14,Document addresses d6_infrastructure_01.,"luster in municipal data centre (EU hosting)
- No public cloud inferenc",low,,,,,,,,,,,,,,,,
run,gemma2:9b,tech_d6_infra,d6_infrastructure_01,15,Document addresses d6_infrastructure_01.,"luster in municipal data centre (EU hosting)
- No public cloud inferenc",high,,,,,,,,,,,,,,,,
run,gemma2:9b,tech_d6_infra,d6_infrastructure_01,16,Document addresses d6_infrastructure_01.,"luster in municipal data centre (EU hosting)
- No public cloud inferenc",high,,,,,,,,,,,,,,,,
run,gemma2:9b,tech_d6_infra,d6_infrastructure_01,17,Document addresses d6_infrastructure_01.,"luster in municipal data centre (EU hosting)
- No public cloud inferenc",high,,,,,,,,,,,,,,,,
run,gemma2:9b,tech_d6_infra,d6_infrastructure_01,18,Document addresses d6_infrastructure_01.,"luster in municipal data centre (EU hosting)
- No public cloud inferenc",high,,,,,,,,,,,,,,,,
run,gemma2:9b,tech_d6_infra,d6_infrastructure_01,19,Document addresses d6_infrastructure_01.,"luster in municipal data centre (EU hosting)
- No public cloud inferenc",high,,,,,,,,,,,,,,,,
run,gemma2:9b,tech_d2_miss,d2_intervention_01,0,No explicit evidence identified.,,low,,,,,,,,,,,,,,,,
run,gemma2:9b,tech_d2_miss,d2_intervention_01,1,No explicit evidence identified.,,low,,,,,,,,,,,,,,,,
run,gemma2:9b,tech_d2_miss,d2_intervention_01,2,No explicit evidence identified.,,low,,,,,,,,,,,,,,,,
run,gemma2:9b,tech_d2_miss,d2_intervention_01,3,No explicit evidence identified.,,low,,,,,,,,,,,,,,,,
run,gemma2:9b,tech_d2_miss,d2_intervention_01,4,No explicit evidence identified.,,low,,,,,,,,,,,,,,,,
run,gemma2:9b,tech_d2_miss,d2_intervention_01,5,No explicit evidence identified. [stability variant 1],synthetic variant 1,medium,,,,,,,,,,,,,,,,
run,gemma2:9b,tech_d2_miss,d2_intervention_01,6,No explicit evidence identified.,,low,,,,,,,,,,,,,,,,
run,gemma2:9b,tech_d2_miss,d2_intervention_01,7,No explicit evidence identified. [stability variant 1],synthetic variant 1,high,,,,,,,,,,,,,,,,
run,gemma2:9b,tech_d2_miss,d2_intervention_01,8,No explicit evidence identified.,,low,,,,,,,,,,,,,,,,
run,gemma2:9b,tech_d2_miss,d2_intervention_01,9,No explicit evidence identified.,,low,,,,,,,,,,,,,,,,
run,gemma2:9b,tech_d2_miss,d2_intervention_01,10,No explicit evidence identified.,,low,,,,,,,,,,,,,,,,
run,gemma2:9b,tech_d2_miss,d2_intervention_01,11,No explicit evidence identified. [stability variant 3],synthetic variant 3,medium,,,,,,,,,,,,,,,,
run,gemma2:9b,tech_d2_miss,d2_intervention_01,12,No explicit evidence identified.,,low,,,,,,,,,,,,,,,,
run,gemma2:9b,tech_d2_miss,d2_intervention_01,13,No explicit evidence identified.,,low,,,,,,,,,,,,,,,,
run,gemma2:9b,tech_d2_miss,d2_intervention_01,14,No explicit evidence identified.,,low,,,,,,,,,,,,,,,,
run,gemma2:9b,tech_d2_miss,d2_intervention_01,15,No explicit evidence identified.,,low,,,,,,,,,,,,,,,,
run,gemma2:9b,tech_d2_miss,d2_intervention_01,16,No explicit evidence identified.,,low,,,,,,,,,,,,,,,,
run,gemma2:9b,tech_d2_miss,d2_intervention_01,17,No explicit evidence identified.,,low,,,,,,,,,,,,,,,,
run,gemma2:9b,tech_d2_miss,d2_intervention_01,18,No explicit evidence identified.,,low,,,,,,,,,,,,,,,,
run,gemma2:9b,tech_d2_miss,d2_intervention_01,19,No explicit evidence identified.,,low,,,,,,,,,,,,,,,,
run,gemma2:9b,incident_d5_monitor,d5_monitoring_incidents_01,0,Document addresses d5_monitoring_incidents_01.,"ffected sessions
3. Post-incident review template IR-AI-2025

## Escalati",high,,,,,,,,,,,,,,,,
run,gemma2:9b,incident_d5_monitor,d5_monitoring_incidents_01,1,Document addresses d5_monitoring_incidents_01.,"ffected sessions
3. Post-incident review template IR-AI-2025

## Escalati",high,,,,,,,,,,,,,,,,
run,gemma2:9b,incident_d5_monitor,d5_monitoring_incidents_01,2,Document addresses d5_monitoring_incidents_01.,"ffected sessions
3. Post-incident review template IR-AI-2025

## Escalati",high,,,,,,,,,,,,,,,,
run,gemma2:9b,incident_d5_monitor,d5_monitoring_incidents_01,3,Document addresses d5_monitoring_incidents_01.,"ffected sessions
3. Post-incident review template IR-AI-2025

## Escalati",high,,,,,,,,,,,,,,,,
run,gemma2:9b,incident_d5_monitor,d5_monitoring_incidents_01,4,Document addresses d5_monitoring_incidents_01. [stability variant 4],"ffected sessions
3. Post-incident review template IR-AI-2025

## Escalati (run 1)",medium,,,,,,,,,,,,,,,,
run,gemma2:9b,incident_d5_monitor,d5_monitoring_incidents_01,5,Document addresses d5_monitoring_incidents_01.,"ffected sessions
3. Post-incident review template IR-AI-2025

## Escalati",high,,,,,,,,,,,,,,,,
run,gemma2:9b,incident_d5_monitor,d5_monitoring_incidents_01,6,Document addresses d5_monitoring_incidents_01.,"ffected sessions
3. Post-incident review template IR-AI-2025

## Escalati",high,,,,,,,,,,,,,,,,
run,gemma2:9b,incident_d5_monitor,d5_monitoring_incidents_01,7,Document addresses d5_monitoring_incidents_01.,"ffected sessions
3. Post-incident review template IR-AI-2025

## Escalati",high,,,,,,,,,,,,,,,,
run,gemma2:9b,incident_d5_monitor,d5_monitoring_incidents_01,8,Document addresses d5_monitoring_incidents_01.,"ffected sessions
3. Post-incident review template IR-AI-2025

## Escalati",high,,,,,,,,,,,,,,,,
run,gemma2:9b,incident_d5_monitor,d5_monitoring_incidents_01,9,Document addresses d5_monitoring_incidents_01. [stability variant 3],"ffected sessions
3. Post-incident review template IR-AI-2025

## Escalati (run 0)",medium,,,,,,,,,,,,,,,,
run,gemma2:9b,incident_d5_monitor,d5_monitoring_incidents_01,10,Document addresses d5_monitoring_incidents_01.,"ffected sessions
3. Post-incident review template IR-AI-2025

## Escalati",high,,,,,,,,,,,,,,,,
run,gemma2:9b,incident_d5_monitor,d5_monitoring_incidents_01,11,Document addresses d5_monitoring_incidents_01.,"ffected sessions
3. Post-incident review template IR-AI-2025

## Escalati",high,,,,,,,,,,,,,,,,
run,gemma2:9b,incident_d5_monitor,d5_monitoring_incidents_01,12,Document addresses d5_monitoring_incidents_01.,"ffected sessions
3. Post-incident review template IR-AI-2025

## Escalati",high,,,,,,,,,,,,,,,,
run,gemma2:9b,incident_d5_monitor,d5_monitoring_incidents_01,13,Document addresses d5_monitoring_incidents_01.,"ffected sessions
3. Post-incident review template IR-AI-2025

## Escalati",high,,,,,,,,,,,,,,,,
run,gemma2:9b,incident_d5_monitor,d5_monitoring_incidents_01,14,Document addresses d5_monitoring_incidents_01.,"ffected sessions
3. Post-incident review template IR-AI-2025

## Escalati",high,,,,,,,,,,,,,,,,
run,gemma2:9b,incident_d5_monitor,d5_monitoring_incidents_01,15,Document addresses d5_monitoring_incidents_01.,"ffected sessions
3. Post-incident review template IR-AI-2025

## Escalati",high,,,,,,,,,,,,,,,,
run,gemma2:9b,incident_d5_monitor,d5_monitoring_incidents_01,16,Document addresses d5_monitoring_incidents_01.,"ffected sessions
3. Post-incident review template IR-AI-2025

## Escalati",high,,,,,,,,,,,,,,,,
run,gemma2:9b,incident_d5_monitor,d5_monitoring_incidents_01,17,Document addresses d5_monitoring_incidents_01.,"ffected sessions
3. Post-incident review template IR-AI-2025

## Escalati",high,,,,,,,,,,,,,,,,
run,gemma2:9b,incident_d5_monitor,d5_monitoring_incidents_01,18,Document addresses d5_monitoring_incidents_01. [stability variant 4],"ffected sessions
3. Post-incident review template IR-AI-2025

## Escalati (run 0)",low,,,,,,,,,,,,,,,,
run,gemma2:9b,incident_d5_monitor,d5_monitoring_incidents_01,19,Document addresses d5_monitoring_incidents_01.,"ffected sessions
3. Post-incident review template IR-AI-2025

## Escalati",high,,,,,,,,,,,,,,,,
run,gemma2:9b,incident_d4_miss,d4_minimization_01,0,No explicit evidence identified. [stability variant 3],synthetic variant 3,medium,,,,,,,,,,,,,,,,
run,gemma2:9b,incident_d4_miss,d4_minimization_01,1,No explicit evidence identified.,,medium,,,,,,,,,,,,,,,,
run,gemma2:9b,incident_d4_miss,d4_minimization_01,2,No explicit evidence identified.,,low,,,,,,,,,,,,,,,,
run,gemma2:9b,incident_d4_miss,d4_minimization_01,3,No explicit evidence identified.,,high,,,,,,,,,,,,,,,,
run,gemma2:9b,incident_d4_miss,d4_minimization_01,4,No explicit evidence identified.,,low,,,,,,,,,,,,,,,,
run,gemma2:9b,incident_d4_miss,d4_minimization_01,5,No explicit evidence identified.,,low,,,,,,,,,,,,,,,,
run,gemma2:9b,incident_d4_miss,d4_minimization_01,6,No explicit evidence identified. [stability variant 3],synthetic variant 3,high,,,,,,,,,,,,,,,,
run,gemma2:9b,incident_d4_miss,d4_minimization_01,7,No explicit evidence identified.,,low,,,,,,,,,,,,,,,,
run,gemma2:9b,incident_d4_miss,d4_minimization_01,8,No explicit evidence identified.,,low,,,,,,,,,,,,,,,,
run,gemma2:9b,incident_d4_miss,d4_minimization_01,9,No explicit evidence identified.,,low,,,,,,,,,,,,,,,,
run,gemma2:9b,incident_d4_miss,d4_minimization_01,10,No explicit evidence identified.,,low,,,,,,,,,,,,,,,,
run,gemma2:9b,incident_d4_miss,d4_minimization_01,11,No explicit evidence identified.,,low,,,,,,,,,,,,,,,,
run,gemma2:9b,incident_d4_miss,d4_minimization_01,12,No explicit evidence identified. [stability variant 4],synthetic variant 4,medium,,,,,,,,,,,,,,,,
run,gemma2:9b,incident_d4_miss,d4_minimization_01,13,No explicit evidence identified.,,low,,,,,,,,,,,,,,,,
run,gemma2:9b,incident_d4_miss,d4_minimization_01,14,No explicit evidence identified. [stability variant 4],synthetic variant 4,medium,,,,,,,,,,,,,,,,
run,gemma2:9b,incident_d4_miss,d4_minimization_01,15,No explicit evidence identified.,,low,,,,,,,,,,,,,,,,
run,gemma2:9b,incident_d4_miss,d4_minimization_01,16,No explicit evidence identified.,,low,,,,,,,,,,,,,,,,
run,gemma2:9b,incident_d4_miss,d4_minimization_01,17,No explicit evidence identified.,,low,,,,,,,,,,,,,,,,
run,gemma2:9b,incident_d4_miss,d4_minimization_01,18,No explicit evidence identified.,,low,,,,,,,,,,,,,,,,
run,gemma2:9b,incident_d4_miss,d4_minimization_01,19,No explicit evidence identified.,,low,,,,,,,,,,,,,,,,
run,gemma2:9b,data_gov_d4_lawful,d4_lawfulness_01,0,Document addresses d4_lawfulness_01.,"Synthetic Demo)

## Lawful basis

Public task and legal obligation docum",high,,,,,,,,,,,,,,,,
run,gemma2:9b,data_gov_d4_lawful,d4_lawfulness_01,1,Document addresses d4_lawfulness_01.,"Synthetic Demo)

## Lawful basis

Public task and legal obligation docum",high,,,,,,,,,,,,,,,,
run,gemma2:9b,data_gov_d4_lawful,d4_lawfulness_01,2,Document addresses d4_lawfulness_01. [stability variant 4],"Synthetic Demo)

## Lawful basis

Public task and legal obligation docum (run 2)",medium,,,,,,,,,,,,,,,,
run,gemma2:9b,data_gov_d4_lawful,d4_lawfulness_01,3,Document addresses d4_lawfulness_01.,"Synthetic Demo)

## Lawful basis

Public task and legal obligation docum",high,,,,,,,,,,,,,,,,
run,gemma2:9b,data_gov_d4_lawful,d4_lawfulness_01,4,Document addresses d4_lawfulness_01. [stability variant 4],"Synthetic Demo)

## Lawful basis

Public task and legal obligation docum (run 1)",high,,,,,,,,,,,,,,,,
run,gemma2:9b,data_gov_d4_lawful,d4_lawfulness_01,5,Document addresses d4_lawfulness_01.,"Synthetic Demo)

## Lawful basis

Public task and legal obligation docum",high,,,,,,,,,,,,,,,,
run,gemma2:9b,data_gov_d4_lawful,d4_lawfulness_01,6,Document addresses d4_lawfulness_01.,"Synthetic Demo)

## Lawful basis

Public task and legal obligation docum",high,,,,,,,,,,,,,,,,
run,gemma2:9b,data_gov_d4_lawful,d4_lawfulness_01,7,Document addresses d4_lawfulness_01.,"Synthetic Demo)

## Lawful basis

Public task and legal obligation docum",high,,,,,,,,,,,,,,,,
run,gemma2:9b,data_gov_d4_lawful,d4_lawfulness_01,8,Document addresses d4_lawfulness_01. [stability variant 3],"Synthetic Demo)

## Lawful basis

Public task and legal obligation docum (run 2)",high,,,,,,,,,,,,,,,,
run,gemma2:9b,data_gov_d4_lawful,d4_lawfulness_01,9,Document addresses d4_lawfulness_01.,"Synthetic Demo)

## Lawful basis

Public task and legal obligation docum",high,,,,,,,,,,,,,,,,
run,gemma2:9b,data_gov_d4_lawful,d4_lawfulness_01,10,Document addresses d4_lawfulness_01. [stability variant 1],"Synthetic Demo)

## Lawful basis

Public task and legal obligation docum",medium,,,,,,,,,,,,,,,,
run,gemma2:9b,data_gov_d4_lawful,d4_lawfulness_01,11,Document addresses d4_lawfulness_01.,"Synthetic Demo)

## Lawful basis

Public task and legal obligation docum",high,,,,,,,,,,,,,,,,
run,gemma2:9b,data_gov_d4_lawful,d4_lawfulness_01,12,Document addresses d4_lawfulness_01.,"Synthetic Demo)

## Lawful basis

Public task and legal obligation docum",high,,,,,,,,,,,,,,,,
run,gemma2:9b,data_gov_d4_lawful,d4_lawfulness_01,13,Document addresses d4_lawfulness_01.,"Synthetic Demo)

## Lawful basis

Public task and legal obligation docum",high,,,,,,,,,,,,,,,,
run,gemma2:9b,data_gov_d4_lawful,d4_lawfulness_01,14,Document addresses d4_lawfulness_01. [stability variant 1],"Synthetic Demo)

## Lawful basis

Public task and legal obligation docum",medium,,,,,,,,,,,,,,,,
run,gemma2:9b,data_gov_d4_lawful,d4_lawfulness_01,15,Document addresses d4_lawfulness_01.,"Synthetic Demo)

## Lawful basis

Public task and legal obligation docum",high,,,,,,,,,,,,,,,,
run,gemma2:9b,data_gov_d4_lawful,d4_lawfulness_01,16,Document addresses d4_lawfulness_01.,"Synthetic Demo)

## Lawful basis

Public task and legal obligation docum",high,,,,,,,,,,,,,,,,
run,gemma2:9b,data_gov_d4_lawful,d4_lawfulness_01,17,Document addresses d4_lawfulness_01.,"Synthetic Demo)

## Lawful basis

Public task and legal obligation docum",high,,,,,,,,,,,,,,,,
run,gemma2:9b,data_gov_d4_lawful,d4_lawfulness_01,18,Document addresses d4_lawfulness_01.,"Synthetic Demo)

## Lawful basis

Public task and legal obligation docum",high,,,,,,,,,,,,,,,,
run,gemma2:9b,data_gov_d4_lawful,d4_lawfulness_01,19,Document addresses d4_lawfulness_01.,"Synthetic Demo)

## Lawful basis

Public task and legal obligation docum",high,,,,,,,,,,,,,,,,
run,gemma2:9b,data_gov_d3_miss,d3_external_transparency_01,0,No explicit evidence identified. [stability variant 2],synthetic variant 2,medium,,,,,,,,,,,,,,,,
run,gemma2:9b,data_gov_d3_miss,d3_external_transparency_01,1,No explicit evidence identified.,,low,,,,,,,,,,,,,,,,
run,gemma2:9b,data_gov_d3_miss,d3_external_transparency_01,2,No explicit evidence identified.,,low,,,,,,,,,,,,,,,,
run,gemma2:9b,data_gov_d3_miss,d3_external_transparency_01,3,No explicit evidence identified. [stability variant 1],synthetic variant 1,medium,,,,,,,,,,,,,,,,
run,gemma2:9b,data_gov_d3_miss,d3_external_transparency_01,4,No explicit evidence identified.,,low,,,,,,,,,,,,,,,,
run,gemma2:9b,data_gov_d3_miss,d3_external_transparency_01,5,No explicit evidence identified. [stability variant 1],synthetic variant 1,low,,,,,,,,,,,,,,,,
run,gemma2:9b,data_gov_d3_miss,d3_external_transparency_01,6,No explicit evidence identified.,,low,,,,,,,,,,,,,,,,
run,gemma2:9b,data_gov_d3_miss,d3_external_transparency_01,7,No explicit evidence identified. [stability variant 2],synthetic variant 2,medium,,,,,,,,,,,,,,,,
run,gemma2:9b,data_gov_d3_miss,d3_external_transparency_01,8,No explicit evidence identified.,,low,,,,,,,,,,,,,,,,
run,gemma2:9b,data_gov_d3_miss,d3_external_transparency_01,9,No explicit evidence identified. [stability variant 4],synthetic variant 4,high,,,,,,,,,,,,,,,,
run,gemma2:9b,data_gov_d3_miss,d3_external_transparency_01,10,No explicit evidence identified. [stability variant 1],synthetic variant 1,high,,,,,,,,,,,,,,,,
run,gemma2:9b,data_gov_d3_miss,d3_external_transparency_01,11,No explicit evidence identified.,,high,,,,,,,,,,,,,,,,
run,gemma2:9b,data_gov_d3_miss,d3_external_transparency_01,12,No explicit evidence identified. [stability variant 2],synthetic variant 2,medium,,,,,,,,,,,,,,,,
run,gemma2:9b,data_gov_d3_miss,d3_external_transparency_01,13,No explicit evidence identified.,,low,,,,,,,,,,,,,,,,
run,gemma2:9b,data_gov_d3_miss,d3_external_transparency_01,14,No explicit evidence identified.,,low,,,,,,,,,,,,,,,,
run,gemma2:9b,data_gov_d3_miss,d3_external_transparency_01,15,No explicit evidence identified. [stability variant 3],synthetic variant 3,low,,,,,,,,,,,,,,,,
run,gemma2:9b,data_gov_d3_miss,d3_external_transparency_01,16,No explicit evidence identified.,,low,,,,,,,,,,,,,,,,
run,gemma2:9b,data_gov_d3_miss,d3_external_transparency_01,17,No explicit evidence identified. [stability variant 2],synthetic variant 2,low,,,,,,,,,,,,,,,,
run,gemma2:9b,data_gov_d3_miss,d3_external_transparency_01,18,No explicit evidence identified. [stability variant 4],synthetic variant 4,medium,,,,,,,,,,,,,,,,
run,gemma2:9b,data_gov_d3_miss,d3_external_transparency_01,19,No explicit evidence identified.,,low,,,,,,,,,,,,,,,,
run,gemma2:9b,demo_gov_d1_mandate,d1_mandate_01,0,Document addresses d1_mandate_01.,"viewed by a **named policy officer** before external use.

## Accountabili",medium,,,,,,,,,,,,,,,,
run,gemma2:9b,demo_gov_d1_mandate,d1_mandate_01,1,Document addresses d1_mandate_01. [stability variant 4],"viewed by a **named policy officer** before external use.

## Accountabili (run 1)",medium,,,,,,,,,,,,,,,,
run,gemma2:9b,demo_gov_d1_mandate,d1_mandate_01,2,Document addresses d1_mandate_01.,"viewed by a **named policy officer** before external use.

## Accountabili",high,,,,,,,,,,,,,,,,
run,gemma2:9b,demo_gov_d1_mandate,d1_mandate_01,3,Document addresses d1_mandate_01.,"viewed by a **named policy officer** before external use.

## Accountabili",high,,,,,,,,,,,,,,,,
run,gemma2:9b,demo_gov_d1_mandate,d1_mandate_01,4,Document addresses d1_mandate_01.,"viewed by a **named policy officer** before external use.

## Accountabili",high,,,,,,,,,,,,,,,,
run,gemma2:9b,demo_gov_d1_mandate,d1_mandate_01,5,Document addresses d1_mandate_01.,"viewed by a **named policy officer** before external use.

## Accountabili",high,,,,,,,,,,,,,,,,
run,gemma2:9b,demo_gov_d1_mandate,d1_mandate_01,6,Document addresses d1_mandate_01.,"viewed by a **named policy officer** before external use.

## Accountabili",high,,,,,,,,,,,,,,,,
run,gemma2:9b,demo_gov_d1_mandate,d1_mandate_01,7,Document addresses d1_mandate_01. [stability variant 1],"viewed by a **named policy officer** before external use.

## Accountabili",medium,,,,,,,,,,,,,,,,
run,gemma2:9b,demo_gov_d1_mandate,d1_mandate_01,8,Document addresses d1_mandate_01. [stability variant 2],"viewed by a **named policy officer** before external use.

## Accountabili (run 2)",low,,,,,,,,,,,,,,,,
run,gemma2:9b,demo_gov_d1_mandate,d1_mandate_01,9,Document addresses d1_mandate_01.,"viewed by a **named policy officer** before external use.

## Accountabili",high,,,,,,,,,,,,,,,,
run,gemma2:9b,demo_gov_d1_mandate,d1_mandate_01,10,Document addresses d1_mandate_01.,"viewed by a **named policy officer** before external use.

## Accountabili",high,,,,,,,,,,,,,,,,
run,gemma2:9b,demo_gov_d1_mandate,d1_mandate_01,11,Document addresses d1_mandate_01. [stability variant 2],"viewed by a **named policy officer** before external use.

## Accountabili (run 2)",medium,,,,,,,,,,,,,,,,
run,gemma2:9b,demo_gov_d1_mandate,d1_mandate_01,12,Document addresses d1_mandate_01. [stability variant 1],"viewed by a **named policy officer** before external use.

## Accountabili",medium,,,,,,,,,,,,,,,,
run,gemma2:9b,demo_gov_d1_mandate,d1_mandate_01,13,Document addresses d1_mandate_01. [stability variant 2],"viewed by a **named policy officer** before external use.

## Accountabili (run 1)",low,,,,,,,,,,,,,,,,
run,gemma2:9b,demo_gov_d1_mandate,d1_mandate_01,14,Document addresses d1_mandate_01.,"viewed by a **named policy officer** before external use.

## Accountabili",high,,,,,,,,,,,,,,,,
run,gemma2:9b,demo_gov_d1_mandate,d1_mandate_01,15,Document addresses d1_mandate_01.,"viewed by a **named policy officer** before external use.

## Accountabili",high,,,,,,,,,,,,,,,,
run,gemma2:9b,demo_gov_d1_mandate,d1_mandate_01,16,Document addresses d1_mandate_01.,"viewed by a **named policy officer** before external use.

## Accountabili",high,,,,,,,,,,,,,,,,
run,gemma2:9b,demo_gov_d1_mandate,d1_mandate_01,17,Document addresses d1_mandate_01.,"viewed by a **named policy officer** before external use.

## Accountabili",high,,,,,,,,,,,,,,,,
run,gemma2:9b,demo_gov_d1_mandate,d1_mandate_01,18,Document addresses d1_mandate_01.,"viewed by a **named policy officer** before external use.

## Accountabili",high,,,,,,,,,,,,,,,,
run,gemma2:9b,demo_gov_d1_mandate,d1_mandate_01,19,Document addresses d1_mandate_01. [stability variant 4],"viewed by a **named policy officer** before external use.

## Accountabili (run 1)",high,,,,,,,,,,,,,,,,
run,gemma2:9b,demo_gov_d2_trace,d2_traceability_01,0,Document addresses d2_traceability_01. [stability variant 4],"s
- Supervisors may override model outputs; overrides logged in case (run 0)",high,,,,,,,,,,,,,,,,
run,gemma2:9b,demo_gov_d2_trace,d2_traceability_01,1,Document addresses d2_traceability_01.,"s
- Supervisors may override model outputs; overrides logged in case",high,,,,,,,,,,,,,,,,
run,gemma2:9b,demo_gov_d2_trace,d2_traceability_01,2,Document addresses d2_traceability_01.,"s
- Supervisors may override model outputs; overrides logged in case",high,,,,,,,,,,,,,,,,
run,gemma2:9b,demo_gov_d2_trace,d2_traceability_01,3,Document addresses d2_traceability_01.,"s
- Supervisors may override model outputs; overrides logged in case",high,,,,,,,,,,,,,,,,
run,gemma2:9b,demo_gov_d2_trace,d2_traceability_01,4,Document addresses d2_traceability_01. [stability variant 4],"s
- Supervisors may override model outputs; overrides logged in case (run 1)",high,,,,,,,,,,,,,,,,
run,gemma2:9b,demo_gov_d2_trace,d2_traceability_01,5,Document addresses d2_traceability_01. [stability variant 1],"s
- Supervisors may override model outputs; overrides logged in case",high,,,,,,,,,,,,,,,,
run,gemma2:9b,demo_gov_d2_trace,d2_traceability_01,6,Document addresses d2_traceability_01.,"s
- Supervisors may override model outputs; overrides logged in case",high,,,,,,,,,,,,,,,,
run,gemma2:9b,demo_gov_d2_trace,d2_traceability_01,7,Document addresses d2_traceability_01.,"s
- Supervisors may override model outputs; overrides logged in case",high,,,,,,,,,,,,,,,,
run,gemma2:9b,demo_gov_d2_trace,d2_traceability_01,8,Document addresses d2_traceability_01.,"s
- Supervisors may override model outputs; overrides logged in case",high,,,,,,,,,,,,,,,,
run,gemma2:9b,demo_gov_d2_trace,d2_traceability_01,9,Document addresses d2_traceability_01.,"s
- Supervisors may override model outputs; overrides logged in case",high,,,,,,,,,,,,,,,,
run,gemma2:9b,demo_gov_d2_trace,d2_traceability_01,10,Document addresses d2_traceability_01.,"s
- Supervisors may override model outputs; overrides logged in case",high,,,,,,,,,,,,,,,,
run,gemma2:9b,demo_gov_d2_trace,d2_traceability_01,11,Document addresses d2_traceability_01.,"s
- Supervisors may override model outputs; overrides logged in case",high,,,,,,,,,,,,,,,,
run,gemma2:9b,demo_gov_d2_trace,d2_traceability_01,12,Document addresses d2_traceability_01.,"s
- Supervisors may override model outputs; overrides logged in case",high,,,,,,,,,,,,,,,,
run,gemma2:9b,demo_gov_d2_trace,d2_traceability_01,13,Document addresses d2_traceability_01.,"s
- Supervisors may override model outputs; overrides logged in case",high,,,,,,,,,,,,,,,,
run,gemma2:9b,demo_gov_d2_trace,d2_traceability_01,14,Document addresses d2_traceability_01.,"s
- Supervisors may override model outputs; overrides logged in case",high,,,,,,,,,,,,,,,,
run,gemma2:9b,demo_gov_d2_trace,d2_traceability_01,15,Document addresses d2_traceability_01. [stability variant 4],"s
- Supervisors may override model outputs; overrides logged in case (run 0)",low,,,,,,,,,,,,,,,,
run,gemma2:9b,demo_gov_d2_trace,d2_traceability_01,16,Document addresses d2_traceability_01.,"s
- Supervisors may override model outputs; overrides logged in case",high,,,,,,,,,,,,,,,,
run,gemma2:9b,demo_gov_d2_trace,d2_traceability_01,17,Document addresses d2_traceability_01.,"s
- Supervisors may override model outputs; overrides logged in case",high,,,,,,,,,,,,,,,,
run,gemma2:9b,demo_gov_d2_trace,d2_traceability_01,18,Document addresses d2_traceability_01.,"s
- Supervisors may override model outputs; overrides logged in case",high,,,,,,,,,,,,,,,,
run,gemma2:9b,demo_gov_d2_trace,d2_traceability_01,19,Document addresses d2_traceability_01. [stability variant 3],"s
- Supervisors may override model outputs; overrides logged in case (run 1)",medium,,,,,,,,,,,,,,,,
run,gemma2:9b,gov_sample_d1_accountability,d1_accountability_01,0,Document addresses d1_accountability_01.,"with the designated service owner.""* Sampling of 10% of weekly outputs
is",high,,,,,,,,,,,,,,,,
run,gemma2:9b,gov_sample_d1_accountability,d1_accountability_01,1,Document addresses d1_accountability_01.,"with the designated service owner.""* Sampling of 10% of weekly outputs
is",high,,,,,,,,,,,,,,,,
run,gemma2:9b,gov_sample_d1_accountability,d1_accountability_01,2,Document addresses d1_accountability_01.,"with the designated service owner.""* Sampling of 10% of weekly outputs
is",high,,,,,,,,,,,,,,,,
run,gemma2:9b,gov_sample_d1_accountability,d1_accountability_01,3,Document addresses d1_accountability_01.,"with the designated service owner.""* Sampling of 10% of weekly outputs
is",high,,,,,,,,,,,,,,,,
run,gemma2:9b,gov_sample_d1_accountability,d1_accountability_01,4,Document addresses d1_accountability_01. [stability variant 3],"with the designated service owner.""* Sampling of 10% of weekly outputs
is (run 1)",high,,,,,,,,,,,,,,,,
run,gemma2:9b,gov_sample_d1_accountability,d1_accountability_01,5,Document addresses d1_accountability_01.,"with the designated service owner.""* Sampling of 10% of weekly outputs
is",high,,,,,,,,,,,,,,,,
run,gemma2:9b,gov_sample_d1_accountability,d1_accountability_01,6,Document addresses d1_accountability_01.,"with the designated service owner.""* Sampling of 10% of weekly outputs
is",high,,,,,,,,,,,,,,,,
run,gemma2:9b,gov_sample_d1_accountability,d1_accountability_01,7,Document addresses d1_accountability_01. [stability variant 1],"with the designated service owner.""* Sampling of 10% of weekly outputs
is",high,,,,,,,,,,,,,,,,
run,gemma2:9b,gov_sample_d1_accountability,d1_accountability_01,8,Document addresses d1_accountability_01.,"with the designated service owner.""* Sampling of 10% of weekly outputs
is",high,,,,,,,,,,,,,,,,
run,gemma2:9b,gov_sample_d1_accountability,d1_accountability_01,9,Document addresses d1_accountability_01.,"with the designated service owner.""* Sampling of 10% of weekly outputs
is",high,,,,,,,,,,,,,,,,
run,gemma2:9b,gov_sample_d1_accountability,d1_accountability_01,10,Document addresses d1_accountability_01.,"with the designated service owner.""* Sampling of 10% of weekly outputs
is",high,,,,,,,,,,,,,,,,
run,gemma2:9b,gov_sample_d1_accountability,d1_accountability_01,11,Document addresses d1_accountability_01.,"with the designated service owner.""* Sampling of 10% of weekly outputs
is",high,,,,,,,,,,,,,,,,
run,gemma2:9b,gov_sample_d1_accountability,d1_accountability_01,12,Document addresses d1_accountability_01.,"with the designated service owner.""* Sampling of 10% of weekly outputs
is",high,,,,,,,,,,,,,,,,
run,gemma2:9b,gov_sample_d1_accountability,d1_accountability_01,13,Document addresses d1_accountability_01.,"with the designated service owner.""* Sampling of 10% of weekly outputs
is",high,,,,,,,,,,,,,,,,
run,gemma2:9b,gov_sample_d1_accountability,d1_accountability_01,14,Document addresses d1_accountability_01.,"with the designated service owner.""* Sampling of 10% of weekly outputs
is",high,,,,,,,,,,,,,,,,
run,gemma2:9b,gov_sample_d1_accountability,d1_accountability_01,15,Document addresses d1_accountability_01.,"with the designated service owner.""* Sampling of 10% of weekly outputs
is",medium,,,,,,,,,,,,,,,,
run,gemma2:9b,gov_sample_d1_accountability,d1_accountability_01,16,Document addresses d1_accountability_01. [stability variant 4],"with the designated service owner.""* Sampling of 10% of weekly outputs
is (run 1)",low,,,,,,,,,,,,,,,,
run,gemma2:9b,gov_sample_d1_accountability,d1_accountability_01,17,Document addresses d1_accountability_01.,"with the designated service owner.""* Sampling of 10% of weekly outputs
is",high,,,,,,,,,,,,,,,,
run,gemma2:9b,gov_sample_d1_accountability,d1_accountability_01,18,Document addresses d1_accountability_01.,"with the designated service owner.""* Sampling of 10% of weekly outputs
is",high,,,,,,,,,,,,,,,,
run,gemma2:9b,gov_sample_d1_accountability,d1_accountability_01,19,Document addresses d1_accountability_01.,"with the designated service owner.""* Sampling of 10% of weekly outputs
is",high,,,,,,,,,,,,,,,,
run,phi3,gov_sample_d2_oversight,d2_oversight_design_01,0,Document addresses d2_oversight_design_01.,reviewed by a named policy officer. Review triggers include references to,high,,,,,,,,,,,,,,,,
run,phi3,gov_sample_d2_oversight,d2_oversight_design_01,1,Document addresses d2_oversight_design_01.,reviewed by a named policy officer. Review triggers include references to,high,,,,,,,,,,,,,,,,
run,phi3,gov_sample_d2_oversight,d2_oversight_design_01,2,Document addresses d2_oversight_design_01.,reviewed by a named policy officer. Review triggers include references to,medium,,,,,,,,,,,,,,,,
run,phi3,gov_sample_d2_oversight,d2_oversight_design_01,3,Document addresses d2_oversight_design_01. [stability variant 2],reviewed by a named policy officer. Review triggers include references to (run 0),low,,,,,,,,,,,,,,,,
run,phi3,gov_sample_d2_oversight,d2_oversight_design_01,4,Document addresses d2_oversight_design_01.,reviewed by a named policy officer. Review triggers include references to,high,,,,,,,,,,,,,,,,
run,phi3,gov_sample_d2_oversight,d2_oversight_design_01,5,Document addresses d2_oversight_design_01. [stability variant 2],reviewed by a named policy officer. Review triggers include references to (run 2),low,,,,,,,,,,,,,,,,
run,phi3,gov_sample_d2_oversight,d2_oversight_design_01,6,Document addresses d2_oversight_design_01.,reviewed by a named policy officer. Review triggers include references to,high,,,,,,,,,,,,,,,,
run,phi3,gov_sample_d2_oversight,d2_oversight_design_01,7,Document addresses d2_oversight_design_01. [stability variant 3],reviewed by a named policy officer. Review triggers include references to (run 1),high,,,,,,,,,,,,,,,,
run,phi3,gov_sample_d2_oversight,d2_oversight_design_01,8,Document addresses d2_oversight_design_01. [stability variant 2],reviewed by a named policy officer. Review triggers include references to (run 2),low,,,,,,,,,,,,,,,,
run,phi3,gov_sample_d2_oversight,d2_oversight_design_01,9,Document addresses d2_oversight_design_01.,reviewed by a named policy officer. Review triggers include references to,high,,,,,,,,,,,,,,,,
run,phi3,gov_sample_d2_oversight,d2_oversight_design_01,10,Document addresses d2_oversight_design_01.,reviewed by a named policy officer. Review triggers include references to,high,,,,,,,,,,,,,,,,
run,phi3,gov_sample_d2_oversight,d2_oversight_design_01,11,Document addresses d2_oversight_design_01. [stability variant 3],reviewed by a named policy officer. Review triggers include references to (run 2),high,,,,,,,,,,,,,,,,
run,phi3,gov_sample_d2_oversight,d2_oversight_design_01,12,Document addresses d2_oversight_design_01. [stability variant 1],reviewed by a named policy officer. Review triggers include references to,low,,,,,,,,,,,,,,,,
run,phi3,gov_sample_d2_oversight,d2_oversight_design_01,13,Document addresses d2_oversight_design_01.,reviewed by a named policy officer. Review triggers include references to,high,,,,,,,,,,,,,,,,
run,phi3,gov_sample_d2_oversight,d2_oversight_design_01,14,Document addresses d2_oversight_design_01. [stability variant 4],reviewed by a named policy officer. Review triggers include references to (run 2),low,,,,,,,,,,,,,,,,
run,phi3,gov_sample_d2_oversight,d2_oversight_design_01,15,Document addresses d2_oversight_design_01.,reviewed by a named policy officer. Review triggers include references to,low,,,,,,,,,,,,,,,,
run,phi3,gov_sample_d2_oversight,d2_oversight_design_01,16,Document addresses d2_oversight_design_01. [stability variant 4],reviewed by a named policy officer. Review triggers include references to (run 1),medium,,,,,,,,,,,,,,,,
run,phi3,gov_sample_d2_oversight,d2_oversight_design_01,17,Document addresses d2_oversight_design_01.,reviewed by a named policy officer. Review triggers include references to,high,,,,,,,,,,,,,,,,
run,phi3,gov_sample_d2_oversight,d2_oversight_design_01,18,Document addresses d2_oversight_design_01.,reviewed by a named policy officer. Review triggers include references to,high,,,,,,,,,,,,,,,,
run,phi3,gov_sample_d2_oversight,d2_oversight_design_01,19,Document addresses d2_oversight_design_01. [stability variant 1],reviewed by a named policy officer. Review triggers include references to,medium,,,,,,,,,,,,,,,,
run,phi3,gov_sample_d4_sovereignty,d4_data_sovereignty_01,0,Document addresses d4_data_sovereignty_01. [stability variant 3],rence stack runs on borough-owned hardware in the EU. Egress to external (run 0),high,,,,,,,,,,,,,,,,
run,phi3,gov_sample_d4_sovereignty,d4_data_sovereignty_01,1,Document addresses d4_data_sovereignty_01. [stability variant 2],rence stack runs on borough-owned hardware in the EU. Egress to external (run 1),high,,,,,,,,,,,,,,,,
run,phi3,gov_sample_d4_sovereignty,d4_data_sovereignty_01,2,Document addresses d4_data_sovereignty_01.,rence stack runs on borough-owned hardware in the EU. Egress to external,high,,,,,,,,,,,,,,,,
run,phi3,gov_sample_d4_sovereignty,d4_data_sovereignty_01,3,Document addresses d4_data_sovereignty_01.,rence stack runs on borough-owned hardware in the EU. Egress to external,high,,,,,,,,,,,,,,,,
run,phi3,gov_sample_d4_sovereignty,d4_data_sovereignty_01,4,Document addresses d4_data_sovereignty_01. [stability variant 4],rence stack runs on borough-owned hardware in the EU. Egress to external (run 1),low,,,,,,,,,,,,,,,,
run,phi3,gov_sample_d4_sovereignty,d4_data_sovereignty_01,5,Document addresses d4_data_sovereignty_01.,rence stack runs on borough-owned hardware in the EU. Egress to external,high,,,,,,,,,,,,,,,,
run,phi3,gov_sample_d4_sovereignty,d4_data_sovereignty_01,6,Document addresses d4_data_sovereignty_01.,rence stack runs on borough-owned hardware in the EU. Egress to external,high,,,,,,,,,,,,,,,,
run,phi3,gov_sample_d4_sovereignty,d4_data_sovereignty_01,7,Document addresses d4_data_sovereignty_01.,rence stack runs on borough-owned hardware in the EU. Egress to external,high,,,,,,,,,,,,,,,,
run,phi3,gov_sample_d4_sovereignty,d4_data_sovereignty_01,8,Document addresses d4_data_sovereignty_01.,rence stack runs on borough-owned hardware in the EU. Egress to external,high,,,,,,,,,,,,,,,,
run,phi3,gov_sample_d4_sovereignty,d4_data_sovereignty_01,9,Document addresses d4_data_sovereignty_01.,rence stack runs on borough-owned hardware in the EU. Egress to external,high,,,,,,,,,,,,,,,,
run,phi3,gov_sample_d4_sovereignty,d4_data_sovereignty_01,10,Document addresses d4_data_sovereignty_01.,rence stack runs on borough-owned hardware in the EU. Egress to external,high,,,,,,,,,,,,,,,,
run,phi3,gov_sample_d4_sovereignty,d4_data_sovereignty_01,11,Document addresses d4_data_sovereignty_01.,rence stack runs on borough-owned hardware in the EU. Egress to external,high,,,,,,,,,,,,,,,,
run,phi3,gov_sample_d4_sovereignty,d4_data_sovereignty_01,12,Document addresses d4_data_sovereignty_01.,rence stack runs on borough-owned hardware in the EU. Egress to external,high,,,,,,,,,,,,,,,,
run,phi3,gov_sample_d4_sovereignty,d4_data_sovereignty_01,13,Document addresses d4_data_sovereignty_01. [stability variant 2],rence stack runs on borough-owned hardware in the EU. Egress to external (run 1),medium,,,,,,,,,,,,,,,,
run,phi3,gov_sample_d4_sovereignty,d4_data_sovereignty_01,14,Document addresses d4_data_sovereignty_01.,rence stack runs on borough-owned hardware in the EU. Egress to external,high,,,,,,,,,,,,,,,,
run,phi3,gov_sample_d4_sovereignty,d4_data_sovereignty_01,15,Document addresses d4_data_sovereignty_01.,rence stack runs on borough-owned hardware in the EU. Egress to external,high,,,,,,,,,,,,,,,,
run,phi3,gov_sample_d4_sovereignty,d4_data_sovereignty_01,16,Document addresses d4_data_sovereignty_01. [stability variant 1],rence stack runs on borough-owned hardware in the EU. Egress to external,low,,,,,,,,,,,,,,,,
run,phi3,gov_sample_d4_sovereignty,d4_data_sovereignty_01,17,Document addresses d4_data_sovereignty_01.,rence stack runs on borough-owned hardware in the EU. Egress to external,high,,,,,,,,,,,,,,,,
run,phi3,gov_sample_d4_sovereignty,d4_data_sovereignty_01,18,Document addresses d4_data_sovereignty_01.,rence stack runs on borough-owned hardware in the EU. Egress to external,medium,,,,,,,,,,,,,,,,
run,phi3,gov_sample_d4_sovereignty,d4_data_sovereignty_01,19,Document addresses d4_data_sovereignty_01.,rence stack runs on borough-owned hardware in the EU. Egress to external,high,,,,,,,,,,,,,,,,
run,phi3,gov_sample_d6_vendor,d6_vendor_independence_01,0,Document addresses d6_vendor_independence_01.,"security updates.

Vendor contracts require 30-day notice before model weig",high,,,,,,,,,,,,,,,,
run,phi3,gov_sample_d6_vendor,d6_vendor_independence_01,1,Document addresses d6_vendor_independence_01.,"security updates.

Vendor contracts require 30-day notice before model weig",high,,,,,,,,,,,,,,,,
run,phi3,gov_sample_d6_vendor,d6_vendor_independence_01,2,Document addresses d6_vendor_independence_01.,"security updates.

Vendor contracts require 30-day notice before model weig",medium,,,,,,,,,,,,,,,,
run,phi3,gov_sample_d6_vendor,d6_vendor_independence_01,3,Document addresses d6_vendor_independence_01.,"security updates.

Vendor contracts require 30-day notice before model weig",high,,,,,,,,,,,,,,,,
run,phi3,gov_sample_d6_vendor,d6_vendor_independence_01,4,Document addresses d6_vendor_independence_01. [stability variant 2],"security updates.

Vendor contracts require 30-day notice before model weig (run 1)",medium,,,,,,,,,,,,,,,,
run,phi3,gov_sample_d6_vendor,d6_vendor_independence_01,5,Document addresses d6_vendor_independence_01.,"security updates.

Vendor contracts require 30-day notice before model weig",high,,,,,,,,,,,,,,,,
run,phi3,gov_sample_d6_vendor,d6_vendor_independence_01,6,Document addresses d6_vendor_independence_01. [stability variant 4],"security updates.

Vendor contracts require 30-day notice before model weig (run 0)",low,,,,,,,,,,,,,,,,
run,phi3,gov_sample_d6_vendor,d6_vendor_independence_01,7,Document addresses d6_vendor_independence_01.,"security updates.

Vendor contracts require 30-day notice before model weig",high,,,,,,,,,,,,,,,,
run,phi3,gov_sample_d6_vendor,d6_vendor_independence_01,8,Document addresses d6_vendor_independence_01. [stability variant 1],"security updates.

Vendor contracts require 30-day notice before model weig",medium,,,,,,,,,,,,,,,,
run,phi3,gov_sample_d6_vendor,d6_vendor_independence_01,9,Document addresses d6_vendor_independence_01. [stability variant 1],"security updates.

Vendor contracts require 30-day notice before model weig",medium,,,,,,,,,,,,,,,,
run,phi3,gov_sample_d6_vendor,d6_vendor_independence_01,10,Document addresses d6_vendor_independence_01.,"security updates.

Vendor contracts require 30-day notice before model weig",high,,,,,,,,,,,,,,,,
run,phi3,gov_sample_d6_vendor,d6_vendor_independence_01,11,Document addresses d6_vendor_independence_01. [stability variant 1],"security updates.

Vendor contracts require 30-day notice before model weig",low,,,,,,,,,,,,,,,,
run,phi3,gov_sample_d6_vendor,d6_vendor_independence_01,12,Document addresses d6_vendor_independence_01.,"security updates.

Vendor contracts require 30-day notice before model weig",high,,,,,,,,,,,,,,,,
run,phi3,gov_sample_d6_vendor,d6_vendor_independence_01,13,Document addresses d6_vendor_independence_01. [stability variant 4],"security updates.

Vendor contracts require 30-day notice before model weig (run 1)",low,,,,,,,,,,,,,,,,
run,phi3,gov_sample_d6_vendor,d6_vendor_independence_01,14,Document addresses d6_vendor_independence_01.,"security updates.

Vendor contracts require 30-day notice before model weig",low,,,,,,,,,,,,,,,,
run,phi3,gov_sample_d6_vendor,d6_vendor_independence_01,15,Document addresses d6_vendor_independence_01.,"security updates.

Vendor contracts require 30-day notice before model weig",high,,,,,,,,,,,,,,,,
run,phi3,gov_sample_d6_vendor,d6_vendor_independence_01,16,Document addresses d6_vendor_independence_01. [stability variant 3],"security updates.

Vendor contracts require 30-day notice before model weig (run 1)",high,,,,,,,,,,,,,,,,
run,phi3,gov_sample_d6_vendor,d6_vendor_independence_01,17,Document addresses d6_vendor_independence_01. [stability variant 4],"security updates.

Vendor contracts require 30-day notice before model weig (run 2)",high,,,,,,,,,,,,,,,,
run,phi3,gov_sample_d6_vendor,d6_vendor_independence_01,18,Document addresses d6_vendor_independence_01.,"security updates.

Vendor contracts require 30-day notice before model weig",high,,,,,,,,,,,,,,,,
run,phi3,gov_sample_d6_vendor,d6_vendor_independence_01,19,Document addresses d6_vendor_independence_01.,"security updates.

Vendor contracts require 30-day notice before model weig",high,,,,,,,,,,,,,,,,
run,phi3,gov_sample_d5_incidents,d5_monitoring_incidents_01,0,Document addresses d5_monitoring_incidents_01. [stability variant 2],"me.

## 5. Risk and incidents

AI-related risks are entered in the co (run 0)",low,,,,,,,,,,,,,,,,
run,phi3,gov_sample_d5_incidents,d5_monitoring_incidents_01,1,Document addresses d5_monitoring_incidents_01.,"me.

## 5. Risk and incidents

AI-related risks are entered in the co",high,,,,,,,,,,,,,,,,
run,phi3,gov_sample_d5_incidents,d5_monitoring_incidents_01,2,Document addresses d5_monitoring_incidents_01. [stability variant 4],"me.

## 5. Risk and incidents

AI-related risks are entered in the co (run 2)",high,,,,,,,,,,,,,,,,
run,phi3,gov_sample_d5_incidents,d5_monitoring_incidents_01,3,Document addresses d5_monitoring_incidents_01.,"me.

## 5. Risk and incidents

AI-related risks are entered in the co",high,,,,,,,,,,,,,,,,
run,phi3,gov_sample_d5_incidents,d5_monitoring_incidents_01,4,Document addresses d5_monitoring_incidents_01.,"me.

## 5. Risk and incidents

AI-related risks are entered in the co",high,,,,,,,,,,,,,,,,
run,phi3,gov_sample_d5_incidents,d5_monitoring_incidents_01,5,Document addresses d5_monitoring_incidents_01.,"me.

## 5. Risk and incidents

AI-related risks are entered in the co",high,,,,,,,,,,,,,,,,
run,phi3,gov_sample_d5_incidents,d5_monitoring_incidents_01,6,Document addresses d5_monitoring_incidents_01.,"me.

## 5. Risk and incidents

AI-related risks are entered in the co",high,,,,,,,,,,,,,,,,
run,phi3,gov_sample_d5_incidents,d5_monitoring_incidents_01,7,Document addresses d5_monitoring_incidents_01.,"me.

## 5. Risk and incidents

AI-related risks are entered in the co",high,,,,,,,,,,,,,,,,
run,phi3,gov_sample_d5_incidents,d5_monitoring_incidents_01,8,Document addresses d5_monitoring_incidents_01.,"me.

## 5. Risk and incidents

AI-related risks are entered in the co",high,,,,,,,,,,,,,,,,
run,phi3,gov_sample_d5_incidents,d5_monitoring_incidents_01,9,Document addresses d5_monitoring_incidents_01.,"me.

## 5. Risk and incidents

AI-related risks are entered in the co",high,,,,,,,,,,,,,,,,
run,phi3,gov_sample_d5_incidents,d5_monitoring_incidents_01,10,Document addresses d5_monitoring_incidents_01.,"me.

## 5. Risk and incidents

AI-related risks are entered in the co",high,,,,,,,,,,,,,,,,
run,phi3,gov_sample_d5_incidents,d5_monitoring_incidents_01,11,Document addresses d5_monitoring_incidents_01.,"me.

## 5. Risk and incidents

AI-related risks are entered in the co",high,,,,,,,,,,,,,,,,
run,phi3,gov_sample_d5_incidents,d5_monitoring_incidents_01,12,Document addresses d5_monitoring_incidents_01.,"me.

## 5. Risk and incidents

AI-related risks are entered in the co",high,,,,,,,,,,,,,,,,
run,phi3,gov_sample_d5_incidents,d5_monitoring_incidents_01,13,Document addresses d5_monitoring_incidents_01. [stability variant 3],"me.

## 5. Risk and incidents

AI-related risks are entered in the co (run 1)",medium,,,,,,,,,,,,,,,,
run,phi3,gov_sample_d5_incidents,d5_monitoring_incidents_01,14,Document addresses d5_monitoring_incidents_01. [stability variant 4],"me.

## 5. Risk and incidents

AI-related risks are entered in the co (run 2)",medium,,,,,,,,,,,,,,,,
run,phi3,gov_sample_d5_incidents,d5_monitoring_incidents_01,15,Document addresses d5_monitoring_incidents_01.,"me.

## 5. Risk and incidents

AI-related risks are entered in the co",high,,,,,,,,,,,,,,,,
run,phi3,gov_sample_d5_incidents,d5_monitoring_incidents_01,16,Document addresses d5_monitoring_incidents_01. [stability variant 1],"me.

## 5. Risk and incidents

AI-related risks are entered in the co",medium,,,,,,,,,,,,,,,,
run,phi3,gov_sample_d5_incidents,d5_monitoring_incidents_01,17,Document addresses d5_monitoring_incidents_01.,"me.

## 5. Risk and incidents

AI-related risks are entered in the co",high,,,,,,,,,,,,,,,,
run,phi3,gov_sample_d5_incidents,d5_monitoring_incidents_01,18,Document addresses d5_monitoring_incidents_01. [stability variant 4],"me.

## 5. Risk and incidents

AI-related risks are entered in the co (run 0)",high,,,,,,,,,,,,,,,,
run,phi3,gov_sample_d5_incidents,d5_monitoring_incidents_01,19,Document addresses d5_monitoring_incidents_01.,"me.

## 5. Risk and incidents

AI-related risks are entered in the co",high,,,,,,,,,,,,,,,,
run,phi3,procurement_d2_miss,d2_oversight_design_01,0,No explicit evidence identified.,,low,,,,,,,,,,,,,,,,
run,phi3,procurement_d2_miss,d2_oversight_design_01,1,No explicit evidence identified. [stability variant 3],synthetic variant 3,low,,,,,,,,,,,,,,,,
run,phi3,procurement_d2_miss,d2_oversight_design_01,2,No explicit evidence identified.,,low,,,,,,,,,,,,,,,,
run,phi3,procurement_d2_miss,d2_oversight_design_01,3,No explicit evidence identified.,,low,,,,,,,,,,,,,,,,
run,phi3,procurement_d2_miss,d2_oversight_design_01,4,No explicit evidence identified.,,low,,,,,,,,,,,,,,,,
run,phi3,procurement_d2_miss,d2_oversight_design_01,5,No explicit evidence identified.,,low,,,,,,,,,,,,,,,,
run,phi3,procurement_d2_miss,d2_oversight_design_01,6,No explicit evidence identified.,,low,,,,,,,,,,,,,,,,
run,phi3,procurement_d2_miss,d2_oversight_design_01,7,No explicit evidence identified.,,low,,,,,,,,,,,,,,,,
run,phi3,procurement_d2_miss,d2_oversight_design_01,8,No explicit evidence identified. [stability variant 2],synthetic variant 2,high,,,,,,,,,,,,,,,,
run,phi3,procurement_d2_miss,d2_oversight_design_01,9,No explicit evidence identified.,,low,,,,,,,,,,,,,,,,
run,phi3,procurement_d2_miss,d2_oversight_design_01,10,No explicit evidence identified. [stability variant 1],synthetic variant 1,medium,,,,,,,,,,,,,,,,
run,phi3,procurement_d2_miss,d2_oversight_design_01,11,No explicit evidence identified.,,low,,,,,,,,,,,,,,,,
run,phi3,procurement_d2_miss,d2_oversight_design_01,12,No explicit evidence identified.,,low,,,,,,,,,,,,,,,,
run,phi3,procurement_d2_miss,d2_oversight_design_01,13,No explicit evidence identified.,,low,,,,,,,,,,,,,,,,
run,phi3,procurement_d2_miss,d2_oversight_design_01,14,No explicit evidence identified. [stability variant 1],synthetic variant 1,medium,,,,,,,,,,,,,,,,
run,phi3,procurement_d2_miss,d2_oversight_design_01,15,No explicit evidence identified.,,low,,,,,,,,,,,,,,,,
run,phi3,procurement_d2_miss,d2_oversight_design_01,16,No explicit evidence identified.,,high,,,,,,,,,,,,,,,,
run,phi3,procurement_d2_miss,d2_oversight_design_01,17,No explicit evidence identified. [stability variant 4],synthetic variant 4,high,,,,,,,,,,,,,,,,
run,phi3,procurement_d2_miss,d2_oversight_design_01,18,No explicit evidence identified.,,low,,,,,,,,,,,,,,,,
run,phi3,procurement_d2_miss,d2_oversight_design_01,19,No explicit evidence identified.,,low,,,,,,,,,,,,,,,,
run,phi3,procurement_d6_vendor,d6_vendor_independence_01,0,Document addresses d6_vendor_independence_01.,"l security team

## Vendor independence

Secondary supplier evaluation schedule",high,,,,,,,,,,,,,,,,
run,phi3,procurement_d6_vendor,d6_vendor_independence_01,1,Document addresses d6_vendor_independence_01. [stability variant 4],"l security team

## Vendor independence

Secondary supplier evaluation schedule (run 1)",high,,,,,,,,,,,,,,,,
run,phi3,procurement_d6_vendor,d6_vendor_independence_01,2,Document addresses d6_vendor_independence_01. [stability variant 4],"l security team

## Vendor independence

Secondary supplier evaluation schedule (run 2)",medium,,,,,,,,,,,,,,,,
run,phi3,procurement_d6_vendor,d6_vendor_independence_01,3,Document addresses d6_vendor_independence_01. [stability variant 2],"l security team

## Vendor independence

Secondary supplier evaluation schedule (run 0)",medium,,,,,,,,,,,,,,,,
run,phi3,procurement_d6_vendor,d6_vendor_independence_01,4,Document addresses d6_vendor_independence_01. [stability variant 3],"l security team

## Vendor independence

Secondary supplier evaluation schedule (run 1)",medium,,,,,,,,,,,,,,,,
run,phi3,procurement_d6_vendor,d6_vendor_independence_01,5,Document addresses d6_vendor_independence_01.,"l security team

## Vendor independence

Secondary supplier evaluation schedule",high,,,,,,,,,,,,,,,,
run,phi3,procurement_d6_vendor,d6_vendor_independence_01,6,Document addresses d6_vendor_independence_01.,"l security team

## Vendor independence

Secondary supplier evaluation schedule",high,,,,,,,,,,,,,,,,
run,phi3,procurement_d6_vendor,d6_vendor_independence_01,7,Document addresses d6_vendor_independence_01.,"l security team

## Vendor independence

Secondary supplier evaluation schedule",high,,,,,,,,,,,,,,,,
run,phi3,procurement_d6_vendor,d6_vendor_independence_01,8,Document addresses d6_vendor_independence_01.,"l security team

## Vendor independence

Secondary supplier evaluation schedule",high,,,,,,,,,,,,,,,,
run,phi3,procurement_d6_vendor,d6_vendor_independence_01,9,Document addresses d6_vendor_independence_01.,"l security team

## Vendor independence

Secondary supplier evaluation schedule",high,,,,,,,,,,,,,,,,
run,phi3,procurement_d6_vendor,d6_vendor_independence_01,10,Document addresses d6_vendor_independence_01.,"l security team

## Vendor independence

Secondary supplier evaluation schedule",high,,,,,,,,,,,,,,,,
run,phi3,procurement_d6_vendor,d6_vendor_independence_01,11,Document addresses d6_vendor_independence_01. [stability variant 4],"l security team

## Vendor independence

Secondary supplier evaluation schedule (run 2)",medium,,,,,,,,,,,,,,,,
run,phi3,procurement_d6_vendor,d6_vendor_independence_01,12,Document addresses d6_vendor_independence_01. [stability variant 2],"l security team

## Vendor independence

Secondary supplier evaluation schedule (run 0)",medium,,,,,,,,,,,,,,,,
run,phi3,procurement_d6_vendor,d6_vendor_independence_01,13,Document addresses d6_vendor_independence_01.,"l security team

## Vendor independence

Secondary supplier evaluation schedule",high,,,,,,,,,,,,,,,,
run,phi3,procurement_d6_vendor,d6_vendor_independence_01,14,Document addresses d6_vendor_independence_01. [stability variant 1],"l security team

## Vendor independence

Secondary supplier evaluation schedule",low,,,,,,,,,,,,,,,,
run,phi3,procurement_d6_vendor,d6_vendor_independence_01,15,Document addresses d6_vendor_independence_01.,"l security team

## Vendor independence

Secondary supplier evaluation schedule",high,,,,,,,,,,,,,,,,
run,phi3,procurement_d6_vendor,d6_vendor_independence_01,16,Document addresses d6_vendor_independence_01.,"l security team

## Vendor independence

Secondary supplier evaluation schedule",high,,,,,,,,,,,,,,,,
run,phi3,procurement_d6_vendor,d6_vendor_independence_01,17,Document addresses d6_vendor_independence_01. [stability variant 1],"l security team

## Vendor independence

Secondary supplier evaluation schedule",high,,,,,,,,,,,,,,,,
run,phi3,procurement_d6_vendor,d6_vendor_independence_01,18,Document addresses d6_vendor_independence_01.,"l security team

## Vendor independence

Secondary supplier evaluation schedule",high,,,,,,,,,,,,,,,,
run,phi3,procurement_d6_vendor,d6_vendor_independence_01,19,Document addresses d6_vendor_independence_01. [stability variant 4],"l security team

## Vendor independence

Secondary supplier evaluation schedule (run 1)",low,,,,,,,,,,,,,,,,
run,phi3,tech_d6_infra,d6_infrastructure_01,0,Document addresses d6_infrastructure_01.,"luster in municipal data centre (EU hosting)
- No public cloud inferenc",medium,,,,,,,,,,,,,,,,
run,phi3,tech_d6_infra,d6_infrastructure_01,1,Document addresses d6_infrastructure_01.,"luster in municipal data centre (EU hosting)
- No public cloud inferenc",high,,,,,,,,,,,,,,,,
run,phi3,tech_d6_infra,d6_infrastructure_01,2,Document addresses d6_infrastructure_01.,"luster in municipal data centre (EU hosting)
- No public cloud inferenc",high,,,,,,,,,,,,,,,,
run,phi3,tech_d6_infra,d6_infrastructure_01,3,Document addresses d6_infrastructure_01. [stability variant 4],"luster in municipal data centre (EU hosting)
- No public cloud inferenc (run 0)",medium,,,,,,,,,,,,,,,,
run,phi3,tech_d6_infra,d6_infrastructure_01,4,Document addresses d6_infrastructure_01.,"luster in municipal data centre (EU hosting)
- No public cloud inferenc",high,,,,,,,,,,,,,,,,
run,phi3,tech_d6_infra,d6_infrastructure_01,5,Document addresses d6_infrastructure_01. [stability variant 3],"luster in municipal data centre (EU hosting)
- No public cloud inferenc (run 2)",low,,,,,,,,,,,,,,,,
run,phi3,tech_d6_infra,d6_infrastructure_01,6,Document addresses d6_infrastructure_01.,"luster in municipal data centre (EU hosting)
- No public cloud inferenc",high,,,,,,,,,,,,,,,,
run,phi3,tech_d6_infra,d6_infrastructure_01,7,Document addresses d6_infrastructure_01.,"luster in municipal data centre (EU hosting)
- No public cloud inferenc",high,,,,,,,,,,,,,,,,
run,phi3,tech_d6_infra,d6_infrastructure_01,8,Document addresses d6_infrastructure_01.,"luster in municipal data centre (EU hosting)
- No public cloud inferenc",high,,,,,,,,,,,,,,,,
run,phi3,tech_d6_infra,d6_infrastructure_01,9,Document addresses d6_infrastructure_01.,"luster in municipal data centre (EU hosting)
- No public cloud inferenc",high,,,,,,,,,,,,,,,,
run,phi3,tech_d6_infra,d6_infrastructure_01,10,Document addresses d6_infrastructure_01.,"luster in municipal data centre (EU hosting)
- No public cloud inferenc",high,,,,,,,,,,,,,,,,
run,phi3,tech_d6_infra,d6_infrastructure_01,11,Document addresses d6_infrastructure_01.,"luster in municipal data centre (EU hosting)
- No public cloud inferenc",high,,,,,,,,,,,,,,,,
run,phi3,tech_d6_infra,d6_infrastructure_01,12,Document addresses d6_infrastructure_01.,"luster in municipal data centre (EU hosting)
- No public cloud inferenc",high,,,,,,,,,,,,,,,,
run,phi3,tech_d6_infra,d6_infrastructure_01,13,Document addresses d6_infrastructure_01.,"luster in municipal data centre (EU hosting)
- No public cloud inferenc",high,,,,,,,,,,,,,,,,
run,phi3,tech_d6_infra,d6_infrastructure_01,14,Document addresses d6_infrastructure_01.,"luster in municipal data centre (EU hosting)
- No public cloud inferenc",high,,,,,,,,,,,,,,,,
run,phi3,tech_d6_infra,d6_infrastructure_01,15,Document addresses d6_infrastructure_01.,"luster in municipal data centre (EU hosting)
- No public cloud inferenc",high,,,,,,,,,,,,,,,,
run,phi3,tech_d6_infra,d6_infrastructure_01,16,Document addresses d6_infrastructure_01.,"luster in municipal data centre (EU hosting)
- No public cloud inferenc",high,,,,,,,,,,,,,,,,
run,phi3,tech_d6_infra,d6_infrastructure_01,17,Document addresses d6_infrastructure_01.,"luster in municipal data centre (EU hosting)
- No public cloud inferenc",high,,,,,,,,,,,,,,,,
run,phi3,tech_d6_infra,d6_infrastructure_01,18,Document addresses d6_infrastructure_01.,"luster in municipal data centre (EU hosting)
- No public cloud inferenc",high,,,,,,,,,,,,,,,,
run,phi3,tech_d6_infra,d6_infrastructure_01,19,Document addresses d6_infrastructure_01. [stability variant 1],"luster in municipal data centre (EU hosting)
- No public cloud inferenc",medium,,,,,,,,,,,,,,,,
run,phi3,tech_d2_miss,d2_intervention_01,0,No explicit evidence identified. [stability variant 4],synthetic variant 4,low,,,,,,,,,,,,,,,,
run,phi3,tech_d2_miss,d2_intervention_01,1,No explicit evidence identified.,,low,,,,,,,,,,,,,,,,
run,phi3,tech_d2_miss,d2_intervention_01,2,No explicit evidence identified. [stability variant 1],synthetic variant 1,low,,,,,,,,,,,,,,,,
run,phi3,tech_d2_miss,d2_intervention_01,3,No explicit evidence identified.,,low,,,,,,,,,,,,,,,,
run,phi3,tech_d2_miss,d2_intervention_01,4,No explicit evidence identified.,,low,,,,,,,,,,,,,,,,
run,phi3,tech_d2_miss,d2_intervention_01,5,No explicit evidence identified.,,low,,,,,,,,,,,,,,,,
run,phi3,tech_d2_miss,d2_intervention_01,6,No explicit evidence identified.,,low,,,,,,,,,,,,,,,,
run,phi3,tech_d2_miss,d2_intervention_01,7,No explicit evidence identified.,,low,,,,,,,,,,,,,,,,
run,phi3,tech_d2_miss,d2_intervention_01,8,No explicit evidence identified.,,low,,,,,,,,,,,,,,,,
run,phi3,tech_d2_miss,d2_intervention_01,9,No explicit evidence identified.,,low,,,,,,,,,,,,,,,,
run,phi3,tech_d2_miss,d2_intervention_01,10,No explicit evidence identified.,,low,,,,,,,,,,,,,,,,
run,phi3,tech_d2_miss,d2_intervention_01,11,No explicit evidence identified.,,low,,,,,,,,,,,,,,,,
run,phi3,tech_d2_miss,d2_intervention_01,12,No explicit evidence identified.,,low,,,,,,,,,,,,,,,,
run,phi3,tech_d2_miss,d2_intervention_01,13,No explicit evidence identified.,,low,,,,,,,,,,,,,,,,
run,phi3,tech_d2_miss,d2_intervention_01,14,No explicit evidence identified.,,low,,,,,,,,,,,,,,,,
run,phi3,tech_d2_miss,d2_intervention_01,15,No explicit evidence identified.,,low,,,,,,,,,,,,,,,,
run,phi3,tech_d2_miss,d2_intervention_01,16,No explicit evidence identified. [stability variant 2],synthetic variant 2,medium,,,,,,,,,,,,,,,,
run,phi3,tech_d2_miss,d2_intervention_01,17,No explicit evidence identified.,,low,,,,,,,,,,,,,,,,
run,phi3,tech_d2_miss,d2_intervention_01,18,No explicit evidence identified.,,low,,,,,,,,,,,,,,,,
run,phi3,tech_d2_miss,d2_intervention_01,19,No explicit evidence identified. [stability variant 4],synthetic variant 4,low,,,,,,,,,,,,,,,,
run,phi3,incident_d5_monitor,d5_monitoring_incidents_01,0,Document addresses d5_monitoring_incidents_01.,"ffected sessions
3. Post-incident review template IR-AI-2025

## Escalati",high,,,,,,,,,,,,,,,,
run,phi3,incident_d5_monitor,d5_monitoring_incidents_01,1,Document addresses d5_monitoring_incidents_01. [stability variant 1],"ffected sessions
3. Post-incident review template IR-AI-2025

## Escalati",medium,,,,,,,,,,,,,,,,
run,phi3,incident_d5_monitor,d5_monitoring_incidents_01,2,Document addresses d5_monitoring_incidents_01.,"ffected sessions
3. Post-incident review template IR-AI-2025

## Escalati",high,,,,,,,,,,,,,,,,
run,phi3,incident_d5_monitor,d5_monitoring_incidents_01,3,Document addresses d5_monitoring_incidents_01. [stability variant 4],"ffected sessions
3. Post-incident review template IR-AI-2025

## Escalati (run 0)",medium,,,,,,,,,,,,,,,,
run,phi3,incident_d5_monitor,d5_monitoring_incidents_01,4,Document addresses d5_monitoring_incidents_01.,"ffected sessions
3. Post-incident review template IR-AI-2025

## Escalati",high,,,,,,,,,,,,,,,,
run,phi3,incident_d5_monitor,d5_monitoring_incidents_01,5,Document addresses d5_monitoring_incidents_01.,"ffected sessions
3. Post-incident review template IR-AI-2025

## Escalati",high,,,,,,,,,,,,,,,,
run,phi3,incident_d5_monitor,d5_monitoring_incidents_01,6,Document addresses d5_monitoring_incidents_01. [stability variant 3],"ffected sessions
3. Post-incident review template IR-AI-2025

## Escalati (run 0)",low,,,,,,,,,,,,,,,,
run,phi3,incident_d5_monitor,d5_monitoring_incidents_01,7,Document addresses d5_monitoring_incidents_01. [stability variant 1],"ffected sessions
3. Post-incident review template IR-AI-2025

## Escalati",low,,,,,,,,,,,,,,,,
run,phi3,incident_d5_monitor,d5_monitoring_incidents_01,8,Document addresses d5_monitoring_incidents_01.,"ffected sessions
3. Post-incident review template IR-AI-2025

## Escalati",high,,,,,,,,,,,,,,,,
run,phi3,incident_d5_monitor,d5_monitoring_incidents_01,9,Document addresses d5_monitoring_incidents_01.,"ffected sessions
3. Post-incident review template IR-AI-2025

## Escalati",high,,,,,,,,,,,,,,,,
run,phi3,incident_d5_monitor,d5_monitoring_incidents_01,10,Document addresses d5_monitoring_incidents_01. [stability variant 3],"ffected sessions
3. Post-incident review template IR-AI-2025

## Escalati (run 1)",medium,,,,,,,,,,,,,,,,
run,phi3,incident_d5_monitor,d5_monitoring_incidents_01,11,Document addresses d5_monitoring_incidents_01.,"ffected sessions
3. Post-incident review template IR-AI-2025

## Escalati",high,,,,,,,,,,,,,,,,
run,phi3,incident_d5_monitor,d5_monitoring_incidents_01,12,Document addresses d5_monitoring_incidents_01. [stability variant 4],"ffected sessions
3. Post-incident review template IR-AI-2025

## Escalati (run 0)",medium,,,,,,,,,,,,,,,,
run,phi3,incident_d5_monitor,d5_monitoring_incidents_01,13,Document addresses d5_monitoring_incidents_01. [stability variant 1],"ffected sessions
3. Post-incident review template IR-AI-2025

## Escalati",high,,,,,,,,,,,,,,,,
run,phi3,incident_d5_monitor,d5_monitoring_incidents_01,14,Document addresses d5_monitoring_incidents_01. [stability variant 4],"ffected sessions
3. Post-incident review template IR-AI-2025

## Escalati (run 2)",low,,,,,,,,,,,,,,,,
run,phi3,incident_d5_monitor,d5_monitoring_incidents_01,15,Document addresses d5_monitoring_incidents_01. [stability variant 3],"ffected sessions
3. Post-incident review template IR-AI-2025

## Escalati (run 0)",medium,,,,,,,,,,,,,,,,
run,phi3,incident_d5_monitor,d5_monitoring_incidents_01,16,Document addresses d5_monitoring_incidents_01. [stability variant 2],"ffected sessions
3. Post-incident review template IR-AI-2025

## Escalati (run 1)",medium,,,,,,,,,,,,,,,,
run,phi3,incident_d5_monitor,d5_monitoring_incidents_01,17,Document addresses d5_monitoring_incidents_01. [stability variant 3],"ffected sessions
3. Post-incident review template IR-AI-2025

## Escalati (run 2)",medium,,,,,,,,,,,,,,,,
run,phi3,incident_d5_monitor,d5_monitoring_incidents_01,18,Document addresses d5_monitoring_incidents_01. [stability variant 3],"ffected sessions
3. Post-incident review template IR-AI-2025

## Escalati (run 0)",high,,,,,,,,,,,,,,,,
run,phi3,incident_d5_monitor,d5_monitoring_incidents_01,19,Document addresses d5_monitoring_incidents_01.,"ffected sessions
3. Post-incident review template IR-AI-2025

## Escalati",high,,,,,,,,,,,,,,,,
run,phi3,incident_d4_miss,d4_minimization_01,0,No explicit evidence identified.,,low,,,,,,,,,,,,,,,,
run,phi3,incident_d4_miss,d4_minimization_01,1,No explicit evidence identified.,,low,,,,,,,,,,,,,,,,
run,phi3,incident_d4_miss,d4_minimization_01,2,No explicit evidence identified.,,low,,,,,,,,,,,,,,,,
run,phi3,incident_d4_miss,d4_minimization_01,3,No explicit evidence identified.,,high,,,,,,,,,,,,,,,,
run,phi3,incident_d4_miss,d4_minimization_01,4,No explicit evidence identified.,,low,,,,,,,,,,,,,,,,
run,phi3,incident_d4_miss,d4_minimization_01,5,No explicit evidence identified.,,low,,,,,,,,,,,,,,,,
run,phi3,incident_d4_miss,d4_minimization_01,6,No explicit evidence identified. [stability variant 1],synthetic variant 1,medium,,,,,,,,,,,,,,,,
run,phi3,incident_d4_miss,d4_minimization_01,7,No explicit evidence identified.,,low,,,,,,,,,,,,,,,,
run,phi3,incident_d4_miss,d4_minimization_01,8,No explicit evidence identified. [stability variant 4],synthetic variant 4,medium,,,,,,,,,,,,,,,,
run,phi3,incident_d4_miss,d4_minimization_01,9,No explicit evidence identified. [stability variant 2],synthetic variant 2,low,,,,,,,,,,,,,,,,
run,phi3,incident_d4_miss,d4_minimization_01,10,No explicit evidence identified.,,low,,,,,,,,,,,,,,,,
run,phi3,incident_d4_miss,d4_minimization_01,11,No explicit evidence identified.,,low,,,,,,,,,,,,,,,,
run,phi3,incident_d4_miss,d4_minimization_01,12,No explicit evidence identified. [stability variant 4],synthetic variant 4,low,,,,,,,,,,,,,,,,
run,phi3,incident_d4_miss,d4_minimization_01,13,No explicit evidence identified.,,low,,,,,,,,,,,,,,,,
run,phi3,incident_d4_miss,d4_minimization_01,14,No explicit evidence identified.,,low,,,,,,,,,,,,,,,,
run,phi3,incident_d4_miss,d4_minimization_01,15,No explicit evidence identified.,,low,,,,,,,,,,,,,,,,
run,phi3,incident_d4_miss,d4_minimization_01,16,No explicit evidence identified. [stability variant 2],synthetic variant 2,medium,,,,,,,,,,,,,,,,
run,phi3,incident_d4_miss,d4_minimization_01,17,No explicit evidence identified.,,low,,,,,,,,,,,,,,,,
run,phi3,incident_d4_miss,d4_minimization_01,18,No explicit evidence identified.,,low,,,,,,,,,,,,,,,,
run,phi3,incident_d4_miss,d4_minimization_01,19,No explicit evidence identified. [stability variant 3],synthetic variant 3,high,,,,,,,,,,,,,,,,
run,phi3,data_gov_d4_lawful,d4_lawfulness_01,0,Document addresses d4_lawfulness_01.,"Synthetic Demo)

## Lawful basis

Public task and legal obligation docum",low,,,,,,,,,,,,,,,,
run,phi3,data_gov_d4_lawful,d4_lawfulness_01,1,Document addresses d4_lawfulness_01. [stability variant 2],"Synthetic Demo)

## Lawful basis

Public task and legal obligation docum (run 1)",low,,,,,,,,,,,,,,,,
run,phi3,data_gov_d4_lawful,d4_lawfulness_01,2,Document addresses d4_lawfulness_01. [stability variant 4],"Synthetic Demo)

## Lawful basis

Public task and legal obligation docum (run 2)",high,,,,,,,,,,,,,,,,
run,phi3,data_gov_d4_lawful,d4_lawfulness_01,3,Document addresses d4_lawfulness_01. [stability variant 1],"Synthetic Demo)

## Lawful basis

Public task and legal obligation docum",low,,,,,,,,,,,,,,,,
run,phi3,data_gov_d4_lawful,d4_lawfulness_01,4,Document addresses d4_lawfulness_01. [stability variant 1],"Synthetic Demo)

## Lawful basis

Public task and legal obligation docum",low,,,,,,,,,,,,,,,,
run,phi3,data_gov_d4_lawful,d4_lawfulness_01,5,Document addresses d4_lawfulness_01.,"Synthetic Demo)

## Lawful basis

Public task and legal obligation docum",high,,,,,,,,,,,,,,,,
run,phi3,data_gov_d4_lawful,d4_lawfulness_01,6,Document addresses d4_lawfulness_01.,"Synthetic Demo)

## Lawful basis

Public task and legal obligation docum",high,,,,,,,,,,,,,,,,
run,phi3,data_gov_d4_lawful,d4_lawfulness_01,7,Document addresses d4_lawfulness_01.,"Synthetic Demo)

## Lawful basis

Public task and legal obligation docum",high,,,,,,,,,,,,,,,,
run,phi3,data_gov_d4_lawful,d4_lawfulness_01,8,Document addresses d4_lawfulness_01.,"Synthetic Demo)

## Lawful basis

Public task and legal obligation docum",high,,,,,,,,,,,,,,,,
run,phi3,data_gov_d4_lawful,d4_lawfulness_01,9,Document addresses d4_lawfulness_01. [stability variant 2],"Synthetic Demo)

## Lawful basis

Public task and legal obligation docum (run 0)",low,,,,,,,,,,,,,,,,
run,phi3,data_gov_d4_lawful,d4_lawfulness_01,10,Document addresses d4_lawfulness_01.,"Synthetic Demo)

## Lawful basis

Public task and legal obligation docum",high,,,,,,,,,,,,,,,,
run,phi3,data_gov_d4_lawful,d4_lawfulness_01,11,Document addresses d4_lawfulness_01.,"Synthetic Demo)

## Lawful basis

Public task and legal obligation docum",high,,,,,,,,,,,,,,,,
run,phi3,data_gov_d4_lawful,d4_lawfulness_01,12,Document addresses d4_lawfulness_01.,"Synthetic Demo)

## Lawful basis

Public task and legal obligation docum",high,,,,,,,,,,,,,,,,
run,phi3,data_gov_d4_lawful,d4_lawfulness_01,13,Document addresses d4_lawfulness_01.,"Synthetic Demo)

## Lawful basis

Public task and legal obligation docum",high,,,,,,,,,,,,,,,,
run,phi3,data_gov_d4_lawful,d4_lawfulness_01,14,Document addresses d4_lawfulness_01.,"Synthetic Demo)

## Lawful basis

Public task and legal obligation docum",high,,,,,,,,,,,,,,,,
run,phi3,data_gov_d4_lawful,d4_lawfulness_01,15,Document addresses d4_lawfulness_01.,"Synthetic Demo)

## Lawful basis

Public task and legal obligation docum",high,,,,,,,,,,,,,,,,
run,phi3,data_gov_d4_lawful,d4_lawfulness_01,16,Document addresses d4_lawfulness_01.,"Synthetic Demo)

## Lawful basis

Public task and legal obligation docum",high,,,,,,,,,,,,,,,,
run,phi3,data_gov_d4_lawful,d4_lawfulness_01,17,Document addresses d4_lawfulness_01.,"Synthetic Demo)

## Lawful basis

Public task and legal obligation docum",high,,,,,,,,,,,,,,,,
run,phi3,data_gov_d4_lawful,d4_lawfulness_01,18,Document addresses d4_lawfulness_01.,"Synthetic Demo)

## Lawful basis

Public task and legal obligation docum",high,,,,,,,,,,,,,,,,
run,phi3,data_gov_d4_lawful,d4_lawfulness_01,19,Document addresses d4_lawfulness_01. [stability variant 2],"Synthetic Demo)

## Lawful basis

Public task and legal obligation docum (run 1)",medium,,,,,,,,,,,,,,,,
run,phi3,data_gov_d3_miss,d3_external_transparency_01,0,No explicit evidence identified.,,low,,,,,,,,,,,,,,,,
run,phi3,data_gov_d3_miss,d3_external_transparency_01,1,No explicit evidence identified. [stability variant 2],synthetic variant 2,low,,,,,,,,,,,,,,,,
run,phi3,data_gov_d3_miss,d3_external_transparency_01,2,No explicit evidence identified.,,medium,,,,,,,,,,,,,,,,
run,phi3,data_gov_d3_miss,d3_external_transparency_01,3,No explicit evidence identified.,,low,,,,,,,,,,,,,,,,
run,phi3,data_gov_d3_miss,d3_external_transparency_01,4,No explicit evidence identified.,,low,,,,,,,,,,,,,,,,
run,phi3,data_gov_d3_miss,d3_external_transparency_01,5,No explicit evidence identified.,,low,,,,,,,,,,,,,,,,
run,phi3,data_gov_d3_miss,d3_external_transparency_01,6,No explicit evidence identified.,,high,,,,,,,,,,,,,,,,
run,phi3,data_gov_d3_miss,d3_external_transparency_01,7,No explicit evidence identified.,,low,,,,,,,,,,,,,,,,
run,phi3,data_gov_d3_miss,d3_external_transparency_01,8,No explicit evidence identified.,,low,,,,,,,,,,,,,,,,
run,phi3,data_gov_d3_miss,d3_external_transparency_01,9,No explicit evidence identified. [stability variant 1],synthetic variant 1,low,,,,,,,,,,,,,,,,
run,phi3,data_gov_d3_miss,d3_external_transparency_01,10,No explicit evidence identified.,,low,,,,,,,,,,,,,,,,
run,phi3,data_gov_d3_miss,d3_external_transparency_01,11,No explicit evidence identified. [stability variant 4],synthetic variant 4,low,,,,,,,,,,,,,,,,
run,phi3,data_gov_d3_miss,d3_external_transparency_01,12,No explicit evidence identified.,,medium,,,,,,,,,,,,,,,,
run,phi3,data_gov_d3_miss,d3_external_transparency_01,13,No explicit evidence identified. [stability variant 4],synthetic variant 4,medium,,,,,,,,,,,,,,,,
run,phi3,data_gov_d3_miss,d3_external_transparency_01,14,No explicit evidence identified. [stability variant 4],synthetic variant 4,medium,,,,,,,,,,,,,,,,
run,phi3,data_gov_d3_miss,d3_external_transparency_01,15,No explicit evidence identified.,,low,,,,,,,,,,,,,,,,
run,phi3,data_gov_d3_miss,d3_external_transparency_01,16,No explicit evidence identified.,,low,,,,,,,,,,,,,,,,
run,phi3,data_gov_d3_miss,d3_external_transparency_01,17,No explicit evidence identified.,,low,,,,,,,,,,,,,,,,
run,phi3,data_gov_d3_miss,d3_external_transparency_01,18,No explicit evidence identified.,,low,,,,,,,,,,,,,,,,
run,phi3,data_gov_d3_miss,d3_external_transparency_01,19,No explicit evidence identified.,,low,,,,,,,,,,,,,,,,
run,phi3,demo_gov_d1_mandate,d1_mandate_01,0,Document addresses d1_mandate_01.,"viewed by a **named policy officer** before external use.

## Accountabili",medium,,,,,,,,,,,,,,,,
run,phi3,demo_gov_d1_mandate,d1_mandate_01,1,Document addresses d1_mandate_01.,"viewed by a **named policy officer** before external use.

## Accountabili",high,,,,,,,,,,,,,,,,
run,phi3,demo_gov_d1_mandate,d1_mandate_01,2,Document addresses d1_mandate_01. [stability variant 1],"viewed by a **named policy officer** before external use.

## Accountabili",high,,,,,,,,,,,,,,,,
run,phi3,demo_gov_d1_mandate,d1_mandate_01,3,Document addresses d1_mandate_01.,"viewed by a **named policy officer** before external use.

## Accountabili",high,,,,,,,,,,,,,,,,
run,phi3,demo_gov_d1_mandate,d1_mandate_01,4,Document addresses d1_mandate_01. [stability variant 2],"viewed by a **named policy officer** before external use.

## Accountabili (run 1)",medium,,,,,,,,,,,,,,,,
run,phi3,demo_gov_d1_mandate,d1_mandate_01,5,Document addresses d1_mandate_01. [stability variant 4],"viewed by a **named policy officer** before external use.

## Accountabili (run 2)",high,,,,,,,,,,,,,,,,
run,phi3,demo_gov_d1_mandate,d1_mandate_01,6,Document addresses d1_mandate_01.,"viewed by a **named policy officer** before external use.

## Accountabili",high,,,,,,,,,,,,,,,,
run,phi3,demo_gov_d1_mandate,d1_mandate_01,7,Document addresses d1_mandate_01.,"viewed by a **named policy officer** before external use.

## Accountabili",high,,,,,,,,,,,,,,,,
run,phi3,demo_gov_d1_mandate,d1_mandate_01,8,Document addresses d1_mandate_01. [stability variant 4],"viewed by a **named policy officer** before external use.

## Accountabili (run 2)",low,,,,,,,,,,,,,,,,
run,phi3,demo_gov_d1_mandate,d1_mandate_01,9,Document addresses d1_mandate_01. [stability variant 3],"viewed by a **named policy officer** before external use.

## Accountabili (run 0)",high,,,,,,,,,,,,,,,,
run,phi3,demo_gov_d1_mandate,d1_mandate_01,10,Document addresses d1_mandate_01. [stability variant 2],"viewed by a **named policy officer** before external use.

## Accountabili (run 1)",medium,,,,,,,,,,,,,,,,
run,phi3,demo_gov_d1_mandate,d1_mandate_01,11,Document addresses d1_mandate_01.,"viewed by a **named policy officer** before external use.

## Accountabili",high,,,,,,,,,,,,,,,,
run,phi3,demo_gov_d1_mandate,d1_mandate_01,12,Document addresses d1_mandate_01.,"viewed by a **named policy officer** before external use.

## Accountabili",high,,,,,,,,,,,,,,,,
run,phi3,demo_gov_d1_mandate,d1_mandate_01,13,Document addresses d1_mandate_01.,"viewed by a **named policy officer** before external use.

## Accountabili",high,,,,,,,,,,,,,,,,
run,phi3,demo_gov_d1_mandate,d1_mandate_01,14,Document addresses d1_mandate_01.,"viewed by a **named policy officer** before external use.

## Accountabili",high,,,,,,,,,,,,,,,,
run,phi3,demo_gov_d1_mandate,d1_mandate_01,15,Document addresses d1_mandate_01.,"viewed by a **named policy officer** before external use.

## Accountabili",high,,,,,,,,,,,,,,,,
run,phi3,demo_gov_d1_mandate,d1_mandate_01,16,Document addresses d1_mandate_01.,"viewed by a **named policy officer** before external use.

## Accountabili",high,,,,,,,,,,,,,,,,
run,phi3,demo_gov_d1_mandate,d1_mandate_01,17,Document addresses d1_mandate_01.,"viewed by a **named policy officer** before external use.

## Accountabili",high,,,,,,,,,,,,,,,,
run,phi3,demo_gov_d1_mandate,d1_mandate_01,18,Document addresses d1_mandate_01.,"viewed by a **named policy officer** before external use.

## Accountabili",high,,,,,,,,,,,,,,,,
run,phi3,demo_gov_d1_mandate,d1_mandate_01,19,Document addresses d1_mandate_01. [stability variant 1],"viewed by a **named policy officer** before external use.

## Accountabili",low,,,,,,,,,,,,,,,,
run,phi3,demo_gov_d2_trace,d2_traceability_01,0,Document addresses d2_traceability_01. [stability variant 2],"s
- Supervisors may override model outputs; overrides logged in case (run 0)",high,,,,,,,,,,,,,,,,
run,phi3,demo_gov_d2_trace,d2_traceability_01,1,Document addresses d2_traceability_01.,"s
- Supervisors may override model outputs; overrides logged in case",high,,,,,,,,,,,,,,,,
run,phi3,demo_gov_d2_trace,d2_traceability_01,2,Document addresses d2_traceability_01.,"s
- Supervisors may override model outputs; overrides logged in case",high,,,,,,,,,,,,,,,,
run,phi3,demo_gov_d2_trace,d2_traceability_01,3,Document addresses d2_traceability_01.,"s
- Supervisors may override model outputs; overrides logged in case",high,,,,,,,,,,,,,,,,
run,phi3,demo_gov_d2_trace,d2_traceability_01,4,Document addresses d2_traceability_01.,"s
- Supervisors may override model outputs; overrides logged in case",high,,,,,,,,,,,,,,,,
run,phi3,demo_gov_d2_trace,d2_traceability_01,5,Document addresses d2_traceability_01.,"s
- Supervisors may override model outputs; overrides logged in case",high,,,,,,,,,,,,,,,,
run,phi3,demo_gov_d2_trace,d2_traceability_01,6,Document addresses d2_traceability_01. [stability variant 3],"s
- Supervisors may override model outputs; overrides logged in case (run 0)",high,,,,,,,,,,,,,,,,
run,phi3,demo_gov_d2_trace,d2_traceability_01,7,Document addresses d2_traceability_01.,"s
- Supervisors may override model outputs; overrides logged in case",high,,,,,,,,,,,,,,,,
run,phi3,demo_gov_d2_trace,d2_traceability_01,8,Document addresses d2_traceability_01.,"s
- Supervisors may override model outputs; overrides logged in case",high,,,,,,,,,,,,,,,,
run,phi3,demo_gov_d2_trace,d2_traceability_01,9,Document addresses d2_traceability_01.,"s
- Supervisors may override model outputs; overrides logged in case",high,,,,,,,,,,,,,,,,
run,phi3,demo_gov_d2_trace,d2_traceability_01,10,Document addresses d2_traceability_01.,"s
- Supervisors may override model outputs; overrides logged in case",high,,,,,,,,,,,,,,,,
run,phi3,demo_gov_d2_trace,d2_traceability_01,11,Document addresses d2_traceability_01.,"s
- Supervisors may override model outputs; overrides logged in case",high,,,,,,,,,,,,,,,,
run,phi3,demo_gov_d2_trace,d2_traceability_01,12,Document addresses d2_traceability_01.,"s
- Supervisors may override model outputs; overrides logged in case",high,,,,,,,,,,,,,,,,
run,phi3,demo_gov_d2_trace,d2_traceability_01,13,Document addresses d2_traceability_01.,"s
- Supervisors may override model outputs; overrides logged in case",high,,,,,,,,,,,,,,,,
run,phi3,demo_gov_d2_trace,d2_traceability_01,14,Document addresses d2_traceability_01.,"s
- Supervisors may override model outputs; overrides logged in case",high,,,,,,,,,,,,,,,,
run,phi3,demo_gov_d2_trace,d2_traceability_01,15,Document addresses d2_traceability_01. [stability variant 4],"s
- Supervisors may override model outputs; overrides logged in case (run 0)",medium,,,,,,,,,,,,,,,,
run,phi3,demo_gov_d2_trace,d2_traceability_01,16,Document addresses d2_traceability_01.,"s
- Supervisors may override model outputs; overrides logged in case",high,,,,,,,,,,,,,,,,
run,phi3,demo_gov_d2_trace,d2_traceability_01,17,Document addresses d2_traceability_01. [stability variant 2],"s
- Supervisors may override model outputs; overrides logged in case (run 2)",medium,,,,,,,,,,,,,,,,
run,phi3,demo_gov_d2_trace,d2_traceability_01,18,Document addresses d2_traceability_01.,"s
- Supervisors may override model outputs; overrides logged in case",high,,,,,,,,,,,,,,,,
run,phi3,demo_gov_d2_trace,d2_traceability_01,19,Document addresses d2_traceability_01.,"s
- Supervisors may override model outputs; overrides logged in case",high,,,,,,,,,,,,,,,,
run,phi3,gov_sample_d1_accountability,d1_accountability_01,0,Document addresses d1_accountability_01.,"with the designated service owner.""* Sampling of 10% of weekly outputs
is",high,,,,,,,,,,,,,,,,
run,phi3,gov_sample_d1_accountability,d1_accountability_01,1,Document addresses d1_accountability_01.,"with the designated service owner.""* Sampling of 10% of weekly outputs
is",high,,,,,,,,,,,,,,,,
run,phi3,gov_sample_d1_accountability,d1_accountability_01,2,Document addresses d1_accountability_01.,"with the designated service owner.""* Sampling of 10% of weekly outputs
is",high,,,,,,,,,,,,,,,,
run,phi3,gov_sample_d1_accountability,d1_accountability_01,3,Document addresses d1_accountability_01. [stability variant 4],"with the designated service owner.""* Sampling of 10% of weekly outputs
is (run 0)",medium,,,,,,,,,,,,,,,,
run,phi3,gov_sample_d1_accountability,d1_accountability_01,4,Document addresses d1_accountability_01.,"with the designated service owner.""* Sampling of 10% of weekly outputs
is",high,,,,,,,,,,,,,,,,
run,phi3,gov_sample_d1_accountability,d1_accountability_01,5,Document addresses d1_accountability_01.,"with the designated service owner.""* Sampling of 10% of weekly outputs
is",high,,,,,,,,,,,,,,,,
run,phi3,gov_sample_d1_accountability,d1_accountability_01,6,Document addresses d1_accountability_01.,"with the designated service owner.""* Sampling of 10% of weekly outputs
is",high,,,,,,,,,,,,,,,,
run,phi3,gov_sample_d1_accountability,d1_accountability_01,7,Document addresses d1_accountability_01.,"with the designated service owner.""* Sampling of 10% of weekly outputs
is",high,,,,,,,,,,,,,,,,
run,phi3,gov_sample_d1_accountability,d1_accountability_01,8,Document addresses d1_accountability_01.,"with the designated service owner.""* Sampling of 10% of weekly outputs
is",high,,,,,,,,,,,,,,,,
run,phi3,gov_sample_d1_accountability,d1_accountability_01,9,Document addresses d1_accountability_01.,"with the designated service owner.""* Sampling of 10% of weekly outputs
is",high,,,,,,,,,,,,,,,,
run,phi3,gov_sample_d1_accountability,d1_accountability_01,10,Document addresses d1_accountability_01.,"with the designated service owner.""* Sampling of 10% of weekly outputs
is",high,,,,,,,,,,,,,,,,
run,phi3,gov_sample_d1_accountability,d1_accountability_01,11,Document addresses d1_accountability_01.,"with the designated service owner.""* Sampling of 10% of weekly outputs
is",high,,,,,,,,,,,,,,,,
run,phi3,gov_sample_d1_accountability,d1_accountability_01,12,Document addresses d1_accountability_01.,"with the designated service owner.""* Sampling of 10% of weekly outputs
is",high,,,,,,,,,,,,,,,,
run,phi3,gov_sample_d1_accountability,d1_accountability_01,13,Document addresses d1_accountability_01. [stability variant 1],"with the designated service owner.""* Sampling of 10% of weekly outputs
is",high,,,,,,,,,,,,,,,,
run,phi3,gov_sample_d1_accountability,d1_accountability_01,14,Document addresses d1_accountability_01. [stability variant 3],"with the designated service owner.""* Sampling of 10% of weekly outputs
is (run 2)",high,,,,,,,,,,,,,,,,
run,phi3,gov_sample_d1_accountability,d1_accountability_01,15,Document addresses d1_accountability_01.,"with the designated service owner.""* Sampling of 10% of weekly outputs
is",high,,,,,,,,,,,,,,,,
run,phi3,gov_sample_d1_accountability,d1_accountability_01,16,Document addresses d1_accountability_01. [stability variant 2],"with the designated service owner.""* Sampling of 10% of weekly outputs
is (run 1)",low,,,,,,,,,,,,,,,,
run,phi3,gov_sample_d1_accountability,d1_accountability_01,17,Document addresses d1_accountability_01.,"with the designated service owner.""* Sampling of 10% of weekly outputs
is",high,,,,,,,,,,,,,,,,
run,phi3,gov_sample_d1_accountability,d1_accountability_01,18,Document addresses d1_accountability_01.,"with the designated service owner.""* Sampling of 10% of weekly outputs
is",high,,,,,,,,,,,,,,,,
run,phi3,gov_sample_d1_accountability,d1_accountability_01,19,Document addresses d1_accountability_01.,"with the designated service owner.""* Sampling of 10% of weekly outputs
is",high,,,,,,,,,,,,,,,,
task_summary,llama3.1:8b,gov_sample_d2_oversight,d2_oversight_design_01,,,,,,20,20,0.8,0.75,0.75,4,4,3,,,,,,,
task_summary,llama3.1:8b,gov_sample_d4_sovereignty,d4_data_sovereignty_01,,,,,,20,20,0.7,0.6,0.6,4,5,2,,,,,,,
task_summary,llama3.1:8b,gov_sample_d6_vendor,d6_vendor_independence_01,,,,,,20,20,0.8,0.7,0.65,3,4,3,,,,,,,
task_summary,llama3.1:8b,gov_sample_d5_incidents,d5_monitoring_incidents_01,,,,,,20,20,0.65,0.65,0.7,4,4,3,,,,,,,
task_summary,llama3.1:8b,procurement_d2_miss,d2_oversight_design_01,,,,,,20,20,0.75,0.75,0.7,4,4,3,,,,,,,
task_summary,llama3.1:8b,procurement_d6_vendor,d6_vendor_independence_01,,,,,,20,20,0.8,0.7,0.75,4,4,3,,,,,,,
task_summary,llama3.1:8b,tech_d6_infra,d6_infrastructure_01,,,,,,20,20,0.85,0.75,0.85,4,5,3,,,,,,,
task_summary,llama3.1:8b,tech_d2_miss,d2_intervention_01,,,,,,20,20,0.8,0.8,0.7,4,4,3,,,,,,,
task_summary,llama3.1:8b,incident_d5_monitor,d5_monitoring_incidents_01,,,,,,20,20,0.8,0.8,0.85,4,4,3,,,,,,,
task_summary,llama3.1:8b,incident_d4_miss,d4_minimization_01,,,,,,20,20,0.8,0.8,0.85,3,3,3,,,,,,,
task_summary,llama3.1:8b,data_gov_d4_lawful,d4_lawfulness_01,,,,,,20,20,0.9,0.7,0.7,3,4,3,,,,,,,
task_summary,llama3.1:8b,data_gov_d3_miss,d3_external_transparency_01,,,,,,20,20,0.7,0.7,0.85,5,5,3,,,,,,,
task_summary,llama3.1:8b,demo_gov_d1_mandate,d1_mandate_01,,,,,,20,20,0.85,0.8,0.8,3,4,2,,,,,,,
task_summary,llama3.1:8b,demo_gov_d2_trace,d2_traceability_01,,,,,,20,20,0.85,0.85,0.8,3,3,3,,,,,,,
task_summary,llama3.1:8b,gov_sample_d1_accountability,d1_accountability_01,,,,,,20,20,0.95,0.85,0.8,2,3,3,,,,,,,
task_summary,qwen2.5:7b,gov_sample_d2_oversight,d2_oversight_design_01,,,,,,20,20,0.75,0.7,0.7,4,4,3,,,,,,,
task_summary,qwen2.5:7b,gov_sample_d4_sovereignty,d4_data_sovereignty_01,,,,,,20,20,0.85,0.75,0.75,3,5,3,,,,,,,
task_summary,qwen2.5:7b,gov_sample_d6_vendor,d6_vendor_independence_01,,,,,,20,20,0.9,0.9,0.85,3,2,3,,,,,,,
task_summary,qwen2.5:7b,gov_sample_d5_incidents,d5_monitoring_incidents_01,,,,,,20,20,0.85,0.85,0.9,4,3,2,,,,,,,
task_summary,qwen2.5:7b,procurement_d2_miss,d2_oversight_design_01,,,,,,20,20,0.8,0.8,0.9,3,3,3,,,,,,,
task_summary,qwen2.5:7b,procurement_d6_vendor,d6_vendor_independence_01,,,,,,20,20,0.8,0.8,0.9,4,4,2,,,,,,,
task_summary,qwen2.5:7b,tech_d6_infra,d6_infrastructure_01,,,,,,20,20,0.95,0.95,1.0,2,2,1,,,,,,,
task_summary,qwen2.5:7b,tech_d2_miss,d2_intervention_01,,,,,,20,20,0.85,0.85,0.9,4,4,3,,,,,,,
task_summary,qwen2.5:7b,incident_d5_monitor,d5_monitoring_incidents_01,,,,,,20,20,0.95,0.9,0.9,2,3,2,,,,,,,
task_summary,qwen2.5:7b,incident_d4_miss,d4_minimization_01,,,,,,20,20,0.9,0.9,0.85,3,3,3,,,,,,,
task_summary,qwen2.5:7b,data_gov_d4_lawful,d4_lawfulness_01,,,,,,20,20,1.0,0.9,0.85,1,2,2,,,,,,,
task_summary,qwen2.5:7b,data_gov_d3_miss,d3_external_transparency_01,,,,,,20,20,0.7,0.7,0.75,5,5,3,,,,,,,
task_summary,qwen2.5:7b,demo_gov_d1_mandate,d1_mandate_01,,,,,,20,20,0.75,0.65,0.7,4,5,2,,,,,,,
task_summary,qwen2.5:7b,demo_gov_d2_trace,d2_traceability_01,,,,,,20,20,0.9,0.9,0.9,3,3,3,,,,,,,
task_summary,qwen2.5:7b,gov_sample_d1_accountability,d1_accountability_01,,,,,,20,20,1.0,0.95,0.85,1,2,3,,,,,,,
task_summary,mistral:7b,gov_sample_d2_oversight,d2_oversight_design_01,,,,,,20,20,0.75,0.75,0.8,4,3,3,,,,,,,
task_summary,mistral:7b,gov_sample_d4_sovereignty,d4_data_sovereignty_01,,,,,,20,20,0.8,0.75,0.85,3,4,3,,,,,,,
task_summary,mistral:7b,gov_sample_d6_vendor,d6_vendor_independence_01,,,,,,20,20,0.6,0.55,0.65,4,5,3,,,,,,,
task_summary,mistral:7b,gov_sample_d5_incidents,d5_monitoring_incidents_01,,,,,,20,20,0.95,0.9,0.9,2,3,3,,,,,,,
task_summary,mistral:7b,procurement_d2_miss,d2_oversight_design_01,,,,,,20,20,0.8,0.8,0.9,3,3,3,,,,,,,
task_summary,mistral:7b,procurement_d6_vendor,d6_vendor_independence_01,,,,,,20,20,0.8,0.75,0.75,4,5,3,,,,,,,
task_summary,mistral:7b,tech_d6_infra,d6_infrastructure_01,,,,,,20,20,0.9,0.9,0.95,3,3,2,,,,,,,
task_summary,mistral:7b,tech_d2_miss,d2_intervention_01,,,,,,20,20,0.85,0.85,1.0,3,3,1,,,,,,,
task_summary,mistral:7b,incident_d5_monitor,d5_monitoring_incidents_01,,,,,,20,20,0.9,0.85,0.8,3,4,3,,,,,,,
task_summary,mistral:7b,incident_d4_miss,d4_minimization_01,,,,,,20,20,0.7,0.7,0.7,3,3,3,,,,,,,
task_summary,mistral:7b,data_gov_d4_lawful,d4_lawfulness_01,,,,,,20,20,0.8,0.75,0.85,3,5,3,,,,,,,
task_summary,mistral:7b,data_gov_d3_miss,d3_external_transparency_01,,,,,,20,20,0.85,0.85,0.85,3,3,2,,,,,,,
task_summary,mistral:7b,demo_gov_d1_mandate,d1_mandate_01,,,,,,20,20,0.85,0.75,0.85,3,5,3,,,,,,,
task_summary,mistral:7b,demo_gov_d2_trace,d2_traceability_01,,,,,,20,20,0.9,0.85,1.0,3,4,1,,,,,,,
task_summary,mistral:7b,gov_sample_d1_accountability,d1_accountability_01,,,,,,20,20,0.9,0.9,0.95,2,3,2,,,,,,,
task_summary,gemma2:9b,gov_sample_d2_oversight,d2_oversight_design_01,,,,,,20,20,0.95,0.9,0.9,2,3,2,,,,,,,
task_summary,gemma2:9b,gov_sample_d4_sovereignty,d4_data_sovereignty_01,,,,,,20,20,0.75,0.75,0.75,4,4,3,,,,,,,
task_summary,gemma2:9b,gov_sample_d6_vendor,d6_vendor_independence_01,,,,,,20,20,0.75,0.7,0.8,4,4,3,,,,,,,
task_summary,gemma2:9b,gov_sample_d5_incidents,d5_monitoring_incidents_01,,,,,,20,20,0.75,0.7,0.7,4,5,3,,,,,,,
task_summary,gemma2:9b,procurement_d2_miss,d2_oversight_design_01,,,,,,20,20,0.85,0.85,0.85,4,4,3,,,,,,,
task_summary,gemma2:9b,procurement_d6_vendor,d6_vendor_independence_01,,,,,,20,20,0.85,0.8,0.8,3,5,3,,,,,,,
task_summary,gemma2:9b,tech_d6_infra,d6_infrastructure_01,,,,,,20,20,0.95,0.9,0.9,2,3,2,,,,,,,
task_summary,gemma2:9b,tech_d2_miss,d2_intervention_01,,,,,,20,20,0.85,0.85,0.85,3,3,3,,,,,,,
task_summary,gemma2:9b,incident_d5_monitor,d5_monitoring_incidents_01,,,,,,20,20,0.85,0.85,0.85,3,3,3,,,,,,,
task_summary,gemma2:9b,incident_d4_miss,d4_minimization_01,,,,,,20,20,0.8,0.8,0.7,3,3,3,,,,,,,
task_summary,gemma2:9b,data_gov_d4_lawful,d4_lawfulness_01,,,,,,20,20,0.85,0.75,0.85,3,4,2,,,,,,,
task_summary,gemma2:9b,data_gov_d3_miss,d3_external_transparency_01,,,,,,20,20,0.5,0.5,0.6,5,5,3,,,,,,,
task_summary,gemma2:9b,demo_gov_d1_mandate,d1_mandate_01,,,,,,20,20,0.75,0.65,0.65,3,4,3,,,,,,,
task_summary,gemma2:9b,demo_gov_d2_trace,d2_traceability_01,,,,,,20,20,0.8,0.75,0.9,3,4,3,,,,,,,
task_summary,gemma2:9b,gov_sample_d1_accountability,d1_accountability_01,,,,,,20,20,0.9,0.85,0.9,2,4,3,,,,,,,
task_summary,phi3,gov_sample_d2_oversight,d2_oversight_design_01,,,,,,20,20,0.65,0.55,0.55,4,5,3,,,,,,,
task_summary,phi3,gov_sample_d4_sovereignty,d4_data_sovereignty_01,,,,,,20,20,0.8,0.75,0.8,3,5,3,,,,,,,
task_summary,phi3,gov_sample_d6_vendor,d6_vendor_independence_01,,,,,,20,20,0.75,0.6,0.6,4,5,3,,,,,,,
task_summary,phi3,gov_sample_d5_incidents,d5_monitoring_incidents_01,,,,,,20,20,0.75,0.7,0.8,4,5,3,,,,,,,
task_summary,phi3,procurement_d2_miss,d2_oversight_design_01,,,,,,20,20,0.75,0.75,0.75,5,5,3,,,,,,,
task_summary,phi3,procurement_d6_vendor,d6_vendor_independence_01,,,,,,20,20,0.65,0.55,0.65,4,5,3,,,,,,,
task_summary,phi3,tech_d6_infra,d6_infrastructure_01,,,,,,20,20,0.9,0.85,0.8,3,4,3,,,,,,,
task_summary,phi3,tech_d2_miss,d2_intervention_01,,,,,,20,20,0.8,0.8,0.95,4,4,2,,,,,,,
task_summary,phi3,incident_d5_monitor,d5_monitoring_incidents_01,,,,,,20,20,0.55,0.4,0.5,4,5,3,,,,,,,
task_summary,phi3,incident_d4_miss,d4_minimization_01,,,,,,20,20,0.7,0.7,0.75,5,5,3,,,,,,,
task_summary,phi3,data_gov_d4_lawful,d4_lawfulness_01,,,,,,20,20,0.8,0.7,0.7,4,4,3,,,,,,,
task_summary,phi3,data_gov_d3_miss,d3_external_transparency_01,,,,,,20,20,0.75,0.75,0.75,4,4,3,,,,,,,
task_summary,phi3,demo_gov_d1_mandate,d1_mandate_01,,,,,,20,20,0.75,0.65,0.75,4,5,3,,,,,,,
task_summary,phi3,demo_gov_d2_trace,d2_traceability_01,,,,,,20,20,0.8,0.8,0.9,3,4,2,,,,,,,
task_summary,phi3,gov_sample_d1_accountability,d1_accountability_01,,,,,,20,20,0.85,0.8,0.9,4,5,3,,,,,,,
model_summary,llama3.1:8b,,,,,,,,20,,,,,,,,0.8,0.7467,0.7567,0.7678,moderately stable,ok,mock
model_summary,qwen2.5:7b,,,,,,,,20,,,,,,,,0.8633,0.8333,0.8467,0.8478,moderately stable,ok,mock
model_summary,mistral:7b,,,,,,,,20,,,,,,,,0.8233,0.7933,0.8533,0.8233,moderately stable,ok,mock
model_summary,gemma2:9b,,,,,,,,20,,,,,,,,0.81,0.7733,0.8,0.7944,moderately stable,ok,mock
model_summary,phi3,,,,,,,,20,,,,,,,,0.75,0.69,0.7433,0.7278,moderately stable,ok,mock
study_meta,,,,,,,,,20,,,,,,,,,,,,,seed=42,mock
